8.8.8.8,10.0.3.131,3306,54234,00:50:56:fd:3c:fc,00:0c:29:44:fe:4f,6,2022-05-14 09:09:06,0.0,0,0,0,0,1,0,60,0,60.0,60.0,60.0,0.0,0.0,0.0,0.0,0.0,60,60,60.0,0.0,0.0,20,0,20,1,0.0,0.0,0.0,0.0,0,0.0,0.0,0.0,0.0,0.0,0.0,0.0,0.0,0.0,0,0,0,0,0,0,0,0,0,0,0,0.0,60.0,64240,0,0.0,0.0,0.0,0.0,0.0,0.0,0.0,0.0,0.0,0.0,0.0,0.0,0.0,0.0,60.0,0.0,0,1,0,60,0
8.8.8.8,10.0.3.131,49152,54072,00:50:56:fd:3c:fc,00:0c:29:44:fe:4f,6,2022-05-14 09:09:06,0.0,0,0,0,0,1,0,60,0,60.0,60.0,60.0,0.0,0.0,0.0,0.0,0.0,60,60,60.0,0.0,0.0,20,0,20,1,0.0,0.0,0.0,0.0,0,0.0,0.0,0.0,0.0,0.0,0.0,0.0,0.0,0.0,0,0,0,0,0,0,0,0,0,0,0,0.0,60.0,64240,0,0.0,0.0,0.0,0.0,0.0,0.0,0.0,0.0,0.0,0.0,0.0,0.0,0.0,0.0,60.0,0.0,0,1,0,60,0
8.8.8.8,10.0.3.131,49152,54078,00:50:56:fd:3c:fc,00:0c:29:44:fe:4f,6,2022-05-14 09:09:06,0.0,0,0,0,0,1,0,60,0,60.0,60.0,60.0,0.0,0.0,0.0,0.0,0.0,60,60,60.0,0.0,0.0,20,0,20,1,0.0,0.0,0.0,0.0,0,0.0,0.0,0.0,0.0,0.0,0.0,0.0,0.0,0.0,0,0,0,0,0,0,0,0,0,0,0,0.0,60.0,64240,0,0.0,0.0,0.0,0.0,0.0,0.0,0.0,0.0,0.0,0.0,0.0,0.0,0.0,0.0,60.0,0.0,0,1,0,60,0
8.8.8.8,10.0.3.131,10000,35460,00:50:56:fd:3c:fc,00:0c:29:44:fe:4f,6,2022-05-14 09:09:06,0.0,0,0,0,0,1,0,60,0,60.0,60.0,60.0,0.0,0.0,0.0,0.0,0.0,60,60,60.0,0.0,0.0,20,0,20,1,0.0,0.0,0.0,0.0,0,0.0,0.0,0.0,0.0,0.0,0.0,0.0,0.0,0.0,0,0,0,0,0,0,0,0,0,0,0,0.0,60.0,64240,0,0.0,0.0,0.0,0.0,0.0,0.0,0.0,0.0,0.0,0.0,0.0,0.0,0.0,0.0,60.0,0.0,0,1,0,60,0
8.8.8.8,10.0.3.131,6001,60242,00:50:56:fd:3c:fc,00:0c:29:44:fe:4f,6,2022-05-14 09:09:06,0.0,0,0,0,0,1,0,60,0,60.0,60.0,60.0,0.0,0.0,0.0,0.0,0.0,60,60,60.0,0.0,0.0,20,0,20,1,0.0,0.0,0.0,0.0,0,0.0,0.0,0.0,0.0,0.0,0.0,0.0,0.0,0.0,0,0,0,0,0,0,0,0,0,0,0,0.0,60.0,64240,0,0.0,0.0,0.0,0.0,0.0,0.0,0.0,0.0,0.0,0.0,0.0,0.0,0.0,0.0,60.0,0.0,0,1,0,60,0
8.8.8.8,10.0.3.131,5060,48706,00:50:56:fd:3c:fc,00:0c:29:44:fe:4f,6,2022-05-14 09:09:06,0.0,0,0,0,0,1,0,60,0,60.0,60.0,60.0,0.0,0.0,0.0,0.0,0.0,60,60,60.0,0.0,0.0,20,0,20,1,0.0,0.0,0.0,0.0,0,0.0,0.0,0.0,0.0,0.0,0.0,0.0,0.0,0.0,0,0,0,0,0,0,0,0,0,0,0,0.0,60.0,64240,0,0.0,0.0,0.0,0.0,0.0,0.0,0.0,0.0,0.0,0.0,0.0,0.0,0.0,0.0,60.0,0.0,0,1,0,60,0
8.8.8.8,10.0.3.131,6001,60240,00:50:56:fd:3c:fc,00:0c:29:44:fe:4f,6,2022-05-14 09:09:06,0.0,0,0,0,0,1,0,60,0,60.0,60.0,60.0,0.0,0.0,0.0,0.0,0.0,60,60,60.0,0.0,0.0,20,0,20,1,0.0,0.0,0.0,0.0,0,0.0,0.0,0.0,0.0,0.0,0.0,0.0,0.0,0.0,0,0,0,0,0,0,0,0,0,0,0,0.0,60.0,64240,0,0.0,0.0,0.0,0.0,0.0,0.0,0.0,0.0,0.0,0.0,0.0,0.0,0.0,0.0,60.0,0.0,0,1,0,60,0
8.8.8.8,10.0.3.131,53,52538,00:50:56:fd:3c:fc,00:0c:29:44:fe:4f,6,2022-05-14 09:09:06,2643.0,43132.80363223609,756.7158531971245,378.35792659856224,378.35792659856224,1,1,60,54,60.0,60.0,60.0,0.0,54.0,54.0,54.0,0.0,60,54,57.0,3.0,9.0,20,20,20,1,0.0,0.0,0.0,0.0,0,0.0,0.0,0.0,0.0,0.0,0.0,0.0,0.0,0.0,0,0,0,0,1,0,0,0,0,0,0,1.0,57.0,64240,0,0.0,0.0,0.0,0.0,0.0,0.0,0.0,0.0,0.0,0.0,0.0,0.0,0.0,0.0,60.0,54.0,0,1,1,60,54
8.8.8.8,10.0.3.131,443,33756,00:50:56:fd:3c:fc,00:0c:29:44:fe:4f,6,2022-05-14 09:09:06,2655.0,42937.853107344636,753.2956685499059,376.64783427495297,376.64783427495297,1,1,60,54,60.0,60.0,60.0,0.0,54.0,54.0,54.0,0.0,60,54,57.0,3.0,9.0,20,20,20,1,0.0,0.0,0.0,0.0,0,0.0,0.0,0.0,0.0,0.0,0.0,0.0,0.0,0.0,0,0,0,0,1,0,0,0,0,0,0,1.0,57.0,64240,0,0.0,0.0,0.0,0.0,0.0,0.0,0.0,0.0,0.0,0.0,0.0,0.0,0.0,0.0,60.0,54.0,0,1,1,60,54
8.8.8.8,10.0.3.131,5060,48716,00:50:56:fd:3c:fc,00:0c:29:44:fe:4f,6,2022-05-14 09:09:06,0.0,0,0,0,0,1,0,60,0,60.0,60.0,60.0,0.0,0.0,0.0,0.0,0.0,60,60,60.0,0.0,0.0,20,0,20,1,0.0,0.0,0.0,0.0,0,0.0,0.0,0.0,0.0,0.0,0.0,0.0,0.0,0.0,0,0,0,0,0,0,0,0,0,0,0,0.0,60.0,64240,0,0.0,0.0,0.0,0.0,0.0,0.0,0.0,0.0,0.0,0.0,0.0,0.0,0.0,0.0,60.0,0.0,0,1,0,60,0
8.8.8.8,10.0.3.131,10000,35446,00:50:56:fd:3c:fc,00:0c:29:44:fe:4f,6,2022-05-14 09:09:06,0.0,0,0,0,0,1,0,60,0,60.0,60.0,60.0,0.0,0.0,0.0,0.0,0.0,60,60,60.0,0.0,0.0,20,0,20,1,0.0,0.0,0.0,0.0,0,0.0,0.0,0.0,0.0,0.0,0.0,0.0,0.0,0.0,0,0,0,0,0,0,0,0,0,0,0,0.0,60.0,64240,0,0.0,0.0,0.0,0.0,0.0,0.0,0.0,0.0,0.0,0.0,0.0,0.0,0.0,0.0,60.0,0.0,0,1,0,60,0
8.8.8.8,10.0.3.131,443,33786,00:50:56:fd:3c:fc,00:0c:29:44:fe:4f,6,2022-05-14 09:09:06,36.0,3166666.6666666665,55555.555555555555,27777.777777777777,27777.777777777777,1,1,60,54,60.0,60.0,60.0,0.0,54.0,54.0,54.0,0.0,60,54,57.0,3.0,9.0,20,20,20,1,0.0,0.0,0.0,0.0,0,0.0,0.0,0.0,0.0,0.0,0.0,0.0,0.0,0.0,0,0,0,0,1,0,0,0,0,0,0,1.0,57.0,64240,0,0.0,0.0,0.0,0.0,0.0,0.0,0.0,0.0,0.0,0.0,0.0,0.0,0.0,0.0,60.0,54.0,0,1,1,60,54
8.8.8.8,10.0.3.131,53,52606,00:50:56:fd:3c:fc,00:0c:29:44:fe:4f,6,2022-05-14 09:09:06,14.0,8142857.142857143,142857.14285714287,71428.57142857143,71428.57142857143,1,1,60,54,60.0,60.0,60.0,0.0,54.0,54.0,54.0,0.0,60,54,57.0,3.0,9.0,20,20,20,1,0.0,0.0,0.0,0.0,0,0.0,0.0,0.0,0.0,0.0,0.0,0.0,0.0,0.0,0,0,0,0,1,0,0,0,0,0,0,1.0,57.0,64240,0,0.0,0.0,0.0,0.0,0.0,0.0,0.0,0.0,0.0,0.0,0.0,0.0,0.0,0.0,60.0,54.0,0,1,1,60,54
8.8.8.8,10.0.3.131,53,52582,00:50:56:fd:3c:fc,00:0c:29:44:fe:4f,6,2022-05-14 09:09:06,16.0,7125000.0,125000.0,62500.0,62500.0,1,1,60,54,60.0,60.0,60.0,0.0,54.0,54.0,54.0,0.0,60,54,57.0,3.0,9.0,20,20,20,1,0.0,0.0,0.0,0.0,0,0.0,0.0,0.0,0.0,0.0,0.0,0.0,0.0,0.0,0,0,0,0,1,0,0,0,0,0,0,1.0,57.0,64240,0,0.0,0.0,0.0,0.0,0.0,0.0,0.0,0.0,0.0,0.0,0.0,0.0,0.0,0.0,60.0,54.0,0,1,1,60,54
8.8.8.8,10.0.3.131,53,52630,00:50:56:fd:3c:fc,00:0c:29:44:fe:4f,6,2022-05-14 09:09:06,16.0,7125000.0,125000.0,62500.0,62500.0,1,1,60,54,60.0,60.0,60.0,0.0,54.0,54.0,54.0,0.0,60,54,57.0,3.0,9.0,20,20,20,1,0.0,0.0,0.0,0.0,0,0.0,0.0,0.0,0.0,0.0,0.0,0.0,0.0,0.0,0,0,0,0,1,0,0,0,0,0,0,1.0,57.0,64240,0,0.0,0.0,0.0,0.0,0.0,0.0,0.0,0.0,0.0,0.0,0.0,0.0,0.0,0.0,60.0,54.0,0,1,1,60,54
8.8.8.8,10.0.3.131,53,52654,00:50:56:fd:3c:fc,00:0c:29:44:fe:4f,6,2022-05-14 09:09:06,16.0,7125000.0,125000.0,62500.0,62500.0,1,1,60,54,60.0,60.0,60.0,0.0,54.0,54.0,54.0,0.0,60,54,57.0,3.0,9.0,20,20,20,1,0.0,0.0,0.0,0.0,0,0.0,0.0,0.0,0.0,0.0,0.0,0.0,0.0,0.0,0,0,0,0,1,0,0,0,0,0,0,1.0,57.0,64240,0,0.0,0.0,0.0,0.0,0.0,0.0,0.0,0.0,0.0,0.0,0.0,0.0,0.0,0.0,60.0,54.0,0,1,1,60,54
10.0.3.131,10.0.3.254,68,67,00:0c:29:44:fe:4f,00:50:56:f5:d0:34,17,2022-05-14 09:09:12,357.0,1865546.218487395,5602.240896358543,2801.1204481792715,2801.1204481792715,1,1,324,342,324.0,324.0,324.0,0.0,342.0,342.0,342.0,0.0,342,324,333.0,9.0,81.0,8,8,8,1,0.0,0.0,0.0,0.0,0,0.0,0.0,0.0,0.0,0.0,0.0,0.0,0.0,0.0,0,0,0,0,1,0,0,0,0,0,0,1.0,333.0,0,0,0.0,0.0,0.0,0.0,0.0,0.0,0.0,0.0,0.0,0.0,0.0,0.0,0.0,0.0,324.0,342.0,0,1,1,324,342
10.0.3.1,10.0.3.255,138,138,00:50:56:c0:00:08,ff:ff:ff:ff:ff:ff,17,2022-05-14 09:09:16,0.0,0,0,0,0,1,0,243,0,243.0,243.0,243.0,0.0,0.0,0.0,0.0,0.0,243,243,243.0,0.0,0.0,8,0,8,1,0.0,0.0,0.0,0.0,0,0.0,0.0,0.0,0.0,0.0,0.0,0.0,0.0,0.0,0,0,0,0,0,0,0,0,0,0,0,0.0,243.0,0,0,0.0,0.0,0.0,0.0,0.0,0.0,0.0,0.0,0.0,0.0,0.0,0.0,0.0,0.0,243.0,0.0,0,1,0,243,0
8.8.8.8,10.0.3.131,548,54408,00:50:56:fd:3c:fc,00:0c:29:44:fe:4f,6,2022-05-14 09:09:27,0.0,0,0,0,0,1,0,60,0,60.0,60.0,60.0,0.0,0.0,0.0,0.0,0.0,60,60,60.0,0.0,0.0,20,0,20,1,0.0,0.0,0.0,0.0,0,0.0,0.0,0.0,0.0,0.0,0.0,0.0,0.0,0.0,0,0,0,0,0,0,0,0,0,0,0,0.0,60.0,64240,0,0.0,0.0,0.0,0.0,0.0,0.0,0.0,0.0,0.0,0.0,0.0,0.0,0.0,0.0,60.0,0.0,0,1,0,60,0
8.8.8.8,10.0.3.131,587,58278,00:50:56:fd:3c:fc,00:0c:29:44:fe:4f,6,2022-05-14 09:09:27,0.0,0,0,0,0,1,0,60,0,60.0,60.0,60.0,0.0,0.0,0.0,0.0,0.0,60,60,60.0,0.0,0.0,20,0,20,1,0.0,0.0,0.0,0.0,0,0.0,0.0,0.0,0.0,0.0,0.0,0.0,0.0,0.0,0,0,0,0,0,0,0,0,0,0,0,0.0,60.0,64240,0,0.0,0.0,0.0,0.0,0.0,0.0,0.0,0.0,0.0,0.0,0.0,0.0,0.0,0.0,60.0,0.0,0,1,0,60,0
8.8.8.8,10.0.3.131,2000,53054,00:50:56:fd:3c:fc,00:0c:29:44:fe:4f,6,2022-05-14 09:09:27,0.0,0,0,0,0,1,0,60,0,60.0,60.0,60.0,0.0,0.0,0.0,0.0,0.0,60,60,60.0,0.0,0.0,20,0,20,1,0.0,0.0,0.0,0.0,0,0.0,0.0,0.0,0.0,0.0,0.0,0.0,0.0,0.0,0,0,0,0,0,0,0,0,0,0,0,0.0,60.0,64240,0,0.0,0.0,0.0,0.0,0.0,0.0,0.0,0.0,0.0,0.0,0.0,0.0,0.0,0.0,60.0,0.0,0,1,0,60,0
8.8.8.8,10.0.3.131,548,54410,00:50:56:fd:3c:fc,00:0c:29:44:fe:4f,6,2022-05-14 09:09:27,0.0,0,0,0,0,1,0,60,0,60.0,60.0,60.0,0.0,0.0,0.0,0.0,0.0,60,60,60.0,0.0,0.0,20,0,20,1,0.0,0.0,0.0,0.0,0,0.0,0.0,0.0,0.0,0.0,0.0,0.0,0.0,0.0,0,0,0,0,0,0,0,0,0,0,0,0.0,60.0,64240,0,0.0,0.0,0.0,0.0,0.0,0.0,0.0,0.0,0.0,0.0,0.0,0.0,0.0,0.0,60.0,0.0,0,1,0,60,0
8.8.8.8,10.0.3.131,515,57682,00:50:56:fd:3c:fc,00:0c:29:44:fe:4f,6,2022-05-14 09:09:27,0.0,0,0,0,0,1,0,60,0,60.0,60.0,60.0,0.0,0.0,0.0,0.0,0.0,60,60,60.0,0.0,0.0,20,0,20,1,0.0,0.0,0.0,0.0,0,0.0,0.0,0.0,0.0,0.0,0.0,0.0,0.0,0.0,0,0,0,0,0,0,0,0,0,0,0,0.0,60.0,64240,0,0.0,0.0,0.0,0.0,0.0,0.0,0.0,0.0,0.0,0.0,0.0,0.0,0.0,0.0,60.0,0.0,0,1,0,60,0
8.8.8.8,10.0.3.131,49154,35582,00:50:56:fd:3c:fc,00:0c:29:44:fe:4f,6,2022-05-14 09:09:27,0.0,0,0,0,0,1,0,60,0,60.0,60.0,60.0,0.0,0.0,0.0,0.0,0.0,60,60,60.0,0.0,0.0,20,0,20,1,0.0,0.0,0.0,0.0,0,0.0,0.0,0.0,0.0,0.0,0.0,0.0,0.0,0.0,0,0,0,0,0,0,0,0,0,0,0,0.0,60.0,64240,0,0.0,0.0,0.0,0.0,0.0,0.0,0.0,0.0,0.0,0.0,0.0,0.0,0.0,0.0,60.0,0.0,0,1,0,60,0
8.8.8.8,10.0.3.131,32768,48422,00:50:56:fd:3c:fc,00:0c:29:44:fe:4f,6,2022-05-14 09:09:27,0.0,0,0,0,0,1,0,60,0,60.0,60.0,60.0,0.0,0.0,0.0,0.0,0.0,60,60,60.0,0.0,0.0,20,0,20,1,0.0,0.0,0.0,0.0,0,0.0,0.0,0.0,0.0,0.0,0.0,0.0,0.0,0.0,0,0,0,0,0,0,0,0,0,0,0,0.0,60.0,64240,0,0.0,0.0,0.0,0.0,0.0,0.0,0.0,0.0,0.0,0.0,0.0,0.0,0.0,0.0,60.0,0.0,0,1,0,60,0
8.8.8.8,10.0.3.131,515,57680,00:50:56:fd:3c:fc,00:0c:29:44:fe:4f,6,2022-05-14 09:09:27,0.0,0,0,0,0,1,0,60,0,60.0,60.0,60.0,0.0,0.0,0.0,0.0,0.0,60,60,60.0,0.0,0.0,20,0,20,1,0.0,0.0,0.0,0.0,0,0.0,0.0,0.0,0.0,0.0,0.0,0.0,0.0,0.0,0,0,0,0,0,0,0,0,0,0,0,0.0,60.0,64240,0,0.0,0.0,0.0,0.0,0.0,0.0,0.0,0.0,0.0,0.0,0.0,0.0,0.0,0.0,60.0,0.0,0,1,0,60,0
8.8.8.8,10.0.3.131,8443,36212,00:50:56:fd:3c:fc,00:0c:29:44:fe:4f,6,2022-05-14 09:09:27,0.0,0,0,0,0,1,0,60,0,60.0,60.0,60.0,0.0,0.0,0.0,0.0,0.0,60,60,60.0,0.0,0.0,20,0,20,1,0.0,0.0,0.0,0.0,0,0.0,0.0,0.0,0.0,0.0,0.0,0.0,0.0,0.0,0,0,0,0,0,0,0,0,0,0,0,0.0,60.0,64240,0,0.0,0.0,0.0,0.0,0.0,0.0,0.0,0.0,0.0,0.0,0.0,0.0,0.0,0.0,60.0,0.0,0,1,0,60,0
8.8.8.8,10.0.3.131,49154,35580,00:50:56:fd:3c:fc,00:0c:29:44:fe:4f,6,2022-05-14 09:09:27,0.0,0,0,0,0,1,0,60,0,60.0,60.0,60.0,0.0,0.0,0.0,0.0,0.0,60,60,60.0,0.0,0.0,20,0,20,1,0.0,0.0,0.0,0.0,0,0.0,0.0,0.0,0.0,0.0,0.0,0.0,0.0,0.0,0,0,0,0,0,0,0,0,0,0,0,0.0,60.0,64240,0,0.0,0.0,0.0,0.0,0.0,0.0,0.0,0.0,0.0,0.0,0.0,0.0,0.0,0.0,60.0,0.0,0,1,0,60,0
8.8.8.8,10.0.3.131,26,48758,00:50:56:fd:3c:fc,00:0c:29:44:fe:4f,6,2022-05-14 09:09:27,0.0,0,0,0,0,1,0,60,0,60.0,60.0,60.0,0.0,0.0,0.0,0.0,0.0,60,60,60.0,0.0,0.0,20,0,20,1,0.0,0.0,0.0,0.0,0,0.0,0.0,0.0,0.0,0.0,0.0,0.0,0.0,0.0,0,0,0,0,0,0,0,0,0,0,0,0.0,60.0,64240,0,0.0,0.0,0.0,0.0,0.0,0.0,0.0,0.0,0.0,0.0,0.0,0.0,0.0,0.0,60.0,0.0,0,1,0,60,0
8.8.8.8,10.0.3.131,81,38212,00:50:56:fd:3c:fc,00:0c:29:44:fe:4f,6,2022-05-14 09:09:27,0.0,0,0,0,0,1,0,60,0,60.0,60.0,60.0,0.0,0.0,0.0,0.0,0.0,60,60,60.0,0.0,0.0,20,0,20,1,0.0,0.0,0.0,0.0,0,0.0,0.0,0.0,0.0,0.0,0.0,0.0,0.0,0.0,0,0,0,0,0,0,0,0,0,0,0,0.0,60.0,64240,0,0.0,0.0,0.0,0.0,0.0,0.0,0.0,0.0,0.0,0.0,0.0,0.0,0.0,0.0,60.0,0.0,0,1,0,60,0
8.8.8.8,10.0.3.131,32768,48420,00:50:56:fd:3c:fc,00:0c:29:44:fe:4f,6,2022-05-14 09:09:27,0.0,0,0,0,0,1,0,60,0,60.0,60.0,60.0,0.0,0.0,0.0,0.0,0.0,60,60,60.0,0.0,0.0,20,0,20,1,0.0,0.0,0.0,0.0,0,0.0,0.0,0.0,0.0,0.0,0.0,0.0,0.0,0.0,0,0,0,0,0,0,0,0,0,0,0,0.0,60.0,64240,0,0.0,0.0,0.0,0.0,0.0,0.0,0.0,0.0,0.0,0.0,0.0,0.0,0.0,0.0,60.0,0.0,0,1,0,60,0
8.8.8.8,10.0.3.131,8000,34490,00:50:56:fd:3c:fc,00:0c:29:44:fe:4f,6,2022-05-14 09:09:27,0.0,0,0,0,0,1,0,60,0,60.0,60.0,60.0,0.0,0.0,0.0,0.0,0.0,60,60,60.0,0.0,0.0,20,0,20,1,0.0,0.0,0.0,0.0,0,0.0,0.0,0.0,0.0,0.0,0.0,0.0,0.0,0.0,0,0,0,0,0,0,0,0,0,0,0,0.0,60.0,64240,0,0.0,0.0,0.0,0.0,0.0,0.0,0.0,0.0,0.0,0.0,0.0,0.0,0.0,0.0,60.0,0.0,0,1,0,60,0
8.8.8.8,10.0.3.131,465,34590,00:50:56:fd:3c:fc,00:0c:29:44:fe:4f,6,2022-05-14 09:09:27,0.0,0,0,0,0,1,0,60,0,60.0,60.0,60.0,0.0,0.0,0.0,0.0,0.0,60,60,60.0,0.0,0.0,20,0,20,1,0.0,0.0,0.0,0.0,0,0.0,0.0,0.0,0.0,0.0,0.0,0.0,0.0,0.0,0,0,0,0,0,0,0,0,0,0,0,0.0,60.0,64240,0,0.0,0.0,0.0,0.0,0.0,0.0,0.0,0.0,0.0,0.0,0.0,0.0,0.0,0.0,60.0,0.0,0,1,0,60,0
8.8.8.8,10.0.3.131,5666,32772,00:50:56:fd:3c:fc,00:0c:29:44:fe:4f,6,2022-05-14 09:09:27,0.0,0,0,0,0,1,0,60,0,60.0,60.0,60.0,0.0,0.0,0.0,0.0,0.0,60,60,60.0,0.0,0.0,20,0,20,1,0.0,0.0,0.0,0.0,0,0.0,0.0,0.0,0.0,0.0,0.0,0.0,0.0,0.0,0,0,0,0,0,0,0,0,0,0,0,0.0,60.0,64240,0,0.0,0.0,0.0,0.0,0.0,0.0,0.0,0.0,0.0,0.0,0.0,0.0,0.0,0.0,60.0,0.0,0,1,0,60,0
8.8.8.8,10.0.3.131,26,48760,00:50:56:fd:3c:fc,00:0c:29:44:fe:4f,6,2022-05-14 09:09:27,0.0,0,0,0,0,1,0,60,0,60.0,60.0,60.0,0.0,0.0,0.0,0.0,0.0,60,60,60.0,0.0,0.0,20,0,20,1,0.0,0.0,0.0,0.0,0,0.0,0.0,0.0,0.0,0.0,0.0,0.0,0.0,0.0,0,0,0,0,0,0,0,0,0,0,0,0.0,60.0,64240,0,0.0,0.0,0.0,0.0,0.0,0.0,0.0,0.0,0.0,0.0,0.0,0.0,0.0,0.0,60.0,0.0,0,1,0,60,0
8.8.8.8,10.0.3.131,5900,55612,00:50:56:fd:3c:fc,00:0c:29:44:fe:4f,6,2022-05-14 09:09:27,0.0,0,0,0,0,1,0,60,0,60.0,60.0,60.0,0.0,0.0,0.0,0.0,0.0,60,60,60.0,0.0,0.0,20,0,20,1,0.0,0.0,0.0,0.0,0,0.0,0.0,0.0,0.0,0.0,0.0,0.0,0.0,0.0,0,0,0,0,0,0,0,0,0,0,0,0.0,60.0,64240,0,0.0,0.0,0.0,0.0,0.0,0.0,0.0,0.0,0.0,0.0,0.0,0.0,0.0,0.0,60.0,0.0,0,1,0,60,0
8.8.8.8,10.0.3.131,1433,56550,00:50:56:fd:3c:fc,00:0c:29:44:fe:4f,6,2022-05-14 09:09:27,0.0,0,0,0,0,1,0,60,0,60.0,60.0,60.0,0.0,0.0,0.0,0.0,0.0,60,60,60.0,0.0,0.0,20,0,20,1,0.0,0.0,0.0,0.0,0,0.0,0.0,0.0,0.0,0.0,0.0,0.0,0.0,0.0,0,0,0,0,0,0,0,0,0,0,0,0.0,60.0,64240,0,0.0,0.0,0.0,0.0,0.0,0.0,0.0,0.0,0.0,0.0,0.0,0.0,0.0,0.0,60.0,0.0,0,1,0,60,0
8.8.8.8,10.0.3.131,81,38214,00:50:56:fd:3c:fc,00:0c:29:44:fe:4f,6,2022-05-14 09:09:27,0.0,0,0,0,0,1,0,60,0,60.0,60.0,60.0,0.0,0.0,0.0,0.0,0.0,60,60,60.0,0.0,0.0,20,0,20,1,0.0,0.0,0.0,0.0,0,0.0,0.0,0.0,0.0,0.0,0.0,0.0,0.0,0.0,0,0,0,0,0,0,0,0,0,0,0,0.0,60.0,64240,0,0.0,0.0,0.0,0.0,0.0,0.0,0.0,0.0,0.0,0.0,0.0,0.0,0.0,0.0,60.0,0.0,0,1,0,60,0
8.8.8.8,10.0.3.131,2001,43814,00:50:56:fd:3c:fc,00:0c:29:44:fe:4f,6,2022-05-14 09:09:27,0.0,0,0,0,0,1,0,60,0,60.0,60.0,60.0,0.0,0.0,0.0,0.0,0.0,60,60,60.0,0.0,0.0,20,0,20,1,0.0,0.0,0.0,0.0,0,0.0,0.0,0.0,0.0,0.0,0.0,0.0,0.0,0.0,0,0,0,0,0,0,0,0,0,0,0,0.0,60.0,64240,0,0.0,0.0,0.0,0.0,0.0,0.0,0.0,0.0,0.0,0.0,0.0,0.0,0.0,0.0,60.0,0.0,0,1,0,60,0
8.8.8.8,10.0.3.131,179,52220,00:50:56:fd:3c:fc,00:0c:29:44:fe:4f,6,2022-05-14 09:09:27,0.0,0,0,0,0,1,0,60,0,60.0,60.0,60.0,0.0,0.0,0.0,0.0,0.0,60,60,60.0,0.0,0.0,20,0,20,1,0.0,0.0,0.0,0.0,0,0.0,0.0,0.0,0.0,0.0,0.0,0.0,0.0,0.0,0,0,0,0,0,0,0,0,0,0,0,0.0,60.0,64240,0,0.0,0.0,0.0,0.0,0.0,0.0,0.0,0.0,0.0,0.0,0.0,0.0,0.0,0.0,60.0,0.0,0,1,0,60,0
8.8.8.8,10.0.3.131,1026,43488,00:50:56:fd:3c:fc,00:0c:29:44:fe:4f,6,2022-05-14 09:09:27,0.0,0,0,0,0,1,0,60,0,60.0,60.0,60.0,0.0,0.0,0.0,0.0,0.0,60,60,60.0,0.0,0.0,20,0,20,1,0.0,0.0,0.0,0.0,0,0.0,0.0,0.0,0.0,0.0,0.0,0.0,0.0,0.0,0,0,0,0,0,0,0,0,0,0,0,0.0,60.0,64240,0,0.0,0.0,0.0,0.0,0.0,0.0,0.0,0.0,0.0,0.0,0.0,0.0,0.0,0.0,60.0,0.0,0,1,0,60,0
8.8.8.8,10.0.3.131,8008,55626,00:50:56:fd:3c:fc,00:0c:29:44:fe:4f,6,2022-05-14 09:09:27,0.0,0,0,0,0,1,0,60,0,60.0,60.0,60.0,0.0,0.0,0.0,0.0,0.0,60,60,60.0,0.0,0.0,20,0,20,1,0.0,0.0,0.0,0.0,0,0.0,0.0,0.0,0.0,0.0,0.0,0.0,0.0,0.0,0,0,0,0,0,0,0,0,0,0,0,0.0,60.0,64240,0,0.0,0.0,0.0,0.0,0.0,0.0,0.0,0.0,0.0,0.0,0.0,0.0,0.0,0.0,60.0,0.0,0,1,0,60,0
8.8.8.8,10.0.3.131,3306,54272,00:50:56:fd:3c:fc,00:0c:29:44:fe:4f,6,2022-05-14 09:09:27,0.0,0,0,0,0,1,0,60,0,60.0,60.0,60.0,0.0,0.0,0.0,0.0,0.0,60,60,60.0,0.0,0.0,20,0,20,1,0.0,0.0,0.0,0.0,0,0.0,0.0,0.0,0.0,0.0,0.0,0.0,0.0,0.0,0,0,0,0,0,0,0,0,0,0,0,0.0,60.0,64240,0,0.0,0.0,0.0,0.0,0.0,0.0,0.0,0.0,0.0,0.0,0.0,0.0,0.0,0.0,60.0,0.0,0,1,0,60,0
8.8.8.8,10.0.3.131,8000,34486,00:50:56:fd:3c:fc,00:0c:29:44:fe:4f,6,2022-05-14 09:09:27,0.0,0,0,0,0,1,0,60,0,60.0,60.0,60.0,0.0,0.0,0.0,0.0,0.0,60,60,60.0,0.0,0.0,20,0,20,1,0.0,0.0,0.0,0.0,0,0.0,0.0,0.0,0.0,0.0,0.0,0.0,0.0,0.0,0,0,0,0,0,0,0,0,0,0,0,0.0,60.0,64240,0,0.0,0.0,0.0,0.0,0.0,0.0,0.0,0.0,0.0,0.0,0.0,0.0,0.0,0.0,60.0,0.0,0,1,0,60,0
8.8.8.8,10.0.3.131,1027,58502,00:50:56:fd:3c:fc,00:0c:29:44:fe:4f,6,2022-05-14 09:09:27,0.0,0,0,0,0,1,0,60,0,60.0,60.0,60.0,0.0,0.0,0.0,0.0,0.0,60,60,60.0,0.0,0.0,20,0,20,1,0.0,0.0,0.0,0.0,0,0.0,0.0,0.0,0.0,0.0,0.0,0.0,0.0,0.0,0,0,0,0,0,0,0,0,0,0,0,0.0,60.0,64240,0,0.0,0.0,0.0,0.0,0.0,0.0,0.0,0.0,0.0,0.0,0.0,0.0,0.0,0.0,60.0,0.0,0,1,0,60,0
8.8.8.8,10.0.3.131,1026,43486,00:50:56:fd:3c:fc,00:0c:29:44:fe:4f,6,2022-05-14 09:09:27,0.0,0,0,0,0,1,0,60,0,60.0,60.0,60.0,0.0,0.0,0.0,0.0,0.0,60,60,60.0,0.0,0.0,20,0,20,1,0.0,0.0,0.0,0.0,0,0.0,0.0,0.0,0.0,0.0,0.0,0.0,0.0,0.0,0,0,0,0,0,0,0,0,0,0,0,0.0,60.0,64240,0,0.0,0.0,0.0,0.0,0.0,0.0,0.0,0.0,0.0,0.0,0.0,0.0,0.0,0.0,60.0,0.0,0,1,0,60,0
8.8.8.8,10.0.3.131,646,60100,00:50:56:fd:3c:fc,00:0c:29:44:fe:4f,6,2022-05-14 09:09:27,0.0,0,0,0,0,1,0,60,0,60.0,60.0,60.0,0.0,0.0,0.0,0.0,0.0,60,60,60.0,0.0,0.0,20,0,20,1,0.0,0.0,0.0,0.0,0,0.0,0.0,0.0,0.0,0.0,0.0,0.0,0.0,0.0,0,0,0,0,0,0,0,0,0,0,0,0.0,60.0,64240,0,0.0,0.0,0.0,0.0,0.0,0.0,0.0,0.0,0.0,0.0,0.0,0.0,0.0,0.0,60.0,0.0,0,1,0,60,0
8.8.8.8,10.0.3.131,646,60102,00:50:56:fd:3c:fc,00:0c:29:44:fe:4f,6,2022-05-14 09:09:27,0.0,0,0,0,0,1,0,60,0,60.0,60.0,60.0,0.0,0.0,0.0,0.0,0.0,60,60,60.0,0.0,0.0,20,0,20,1,0.0,0.0,0.0,0.0,0,0.0,0.0,0.0,0.0,0.0,0.0,0.0,0.0,0.0,0,0,0,0,0,0,0,0,0,0,0,0.0,60.0,64240,0,0.0,0.0,0.0,0.0,0.0,0.0,0.0,0.0,0.0,0.0,0.0,0.0,0.0,0.0,60.0,0.0,0,1,0,60,0
8.8.8.8,10.0.3.131,465,34588,00:50:56:fd:3c:fc,00:0c:29:44:fe:4f,6,2022-05-14 09:09:27,0.0,0,0,0,0,1,0,60,0,60.0,60.0,60.0,0.0,0.0,0.0,0.0,0.0,60,60,60.0,0.0,0.0,20,0,20,1,0.0,0.0,0.0,0.0,0,0.0,0.0,0.0,0.0,0.0,0.0,0.0,0.0,0.0,0,0,0,0,0,0,0,0,0,0,0,0.0,60.0,64240,0,0.0,0.0,0.0,0.0,0.0,0.0,0.0,0.0,0.0,0.0,0.0,0.0,0.0,0.0,60.0,0.0,0,1,0,60,0
8.8.8.8,10.0.3.131,5666,32770,00:50:56:fd:3c:fc,00:0c:29:44:fe:4f,6,2022-05-14 09:09:27,0.0,0,0,0,0,1,0,60,0,60.0,60.0,60.0,0.0,0.0,0.0,0.0,0.0,60,60,60.0,0.0,0.0,20,0,20,1,0.0,0.0,0.0,0.0,0,0.0,0.0,0.0,0.0,0.0,0.0,0.0,0.0,0.0,0,0,0,0,0,0,0,0,0,0,0,0.0,60.0,64240,0,0.0,0.0,0.0,0.0,0.0,0.0,0.0,0.0,0.0,0.0,0.0,0.0,0.0,0.0,60.0,0.0,0,1,0,60,0
8.8.8.8,10.0.3.131,1027,58504,00:50:56:fd:3c:fc,00:0c:29:44:fe:4f,6,2022-05-14 09:09:27,0.0,0,0,0,0,1,0,60,0,60.0,60.0,60.0,0.0,0.0,0.0,0.0,0.0,60,60,60.0,0.0,0.0,20,0,20,1,0.0,0.0,0.0,0.0,0,0.0,0.0,0.0,0.0,0.0,0.0,0.0,0.0,0.0,0,0,0,0,0,0,0,0,0,0,0,0.0,60.0,64240,0,0.0,0.0,0.0,0.0,0.0,0.0,0.0,0.0,0.0,0.0,0.0,0.0,0.0,0.0,60.0,0.0,0,1,0,60,0
8.8.8.8,10.0.3.131,8443,36216,00:50:56:fd:3c:fc,00:0c:29:44:fe:4f,6,2022-05-14 09:09:27,0.0,0,0,0,0,1,0,60,0,60.0,60.0,60.0,0.0,0.0,0.0,0.0,0.0,60,60,60.0,0.0,0.0,20,0,20,1,0.0,0.0,0.0,0.0,0,0.0,0.0,0.0,0.0,0.0,0.0,0.0,0.0,0.0,0,0,0,0,0,0,0,0,0,0,0,0.0,60.0,64240,0,0.0,0.0,0.0,0.0,0.0,0.0,0.0,0.0,0.0,0.0,0.0,0.0,0.0,0.0,60.0,0.0,0,1,0,60,0
8.8.8.8,10.0.3.131,2000,53052,00:50:56:fd:3c:fc,00:0c:29:44:fe:4f,6,2022-05-14 09:09:27,0.0,0,0,0,0,1,0,60,0,60.0,60.0,60.0,0.0,0.0,0.0,0.0,0.0,60,60,60.0,0.0,0.0,20,0,20,1,0.0,0.0,0.0,0.0,0,0.0,0.0,0.0,0.0,0.0,0.0,0.0,0.0,0.0,0,0,0,0,0,0,0,0,0,0,0,0.0,60.0,64240,0,0.0,0.0,0.0,0.0,0.0,0.0,0.0,0.0,0.0,0.0,0.0,0.0,0.0,0.0,60.0,0.0,0,1,0,60,0
8.8.8.8,10.0.3.131,179,52222,00:50:56:fd:3c:fc,00:0c:29:44:fe:4f,6,2022-05-14 09:09:27,0.0,0,0,0,0,1,0,60,0,60.0,60.0,60.0,0.0,0.0,0.0,0.0,0.0,60,60,60.0,0.0,0.0,20,0,20,1,0.0,0.0,0.0,0.0,0,0.0,0.0,0.0,0.0,0.0,0.0,0.0,0.0,0.0,0,0,0,0,0,0,0,0,0,0,0,0.0,60.0,64240,0,0.0,0.0,0.0,0.0,0.0,0.0,0.0,0.0,0.0,0.0,0.0,0.0,0.0,0.0,60.0,0.0,0,1,0,60,0
8.8.8.8,10.0.3.131,2001,43816,00:50:56:fd:3c:fc,00:0c:29:44:fe:4f,6,2022-05-14 09:09:27,0.0,0,0,0,0,1,0,60,0,60.0,60.0,60.0,0.0,0.0,0.0,0.0,0.0,60,60,60.0,0.0,0.0,20,0,20,1,0.0,0.0,0.0,0.0,0,0.0,0.0,0.0,0.0,0.0,0.0,0.0,0.0,0.0,0,0,0,0,0,0,0,0,0,0,0,0.0,60.0,64240,0,0.0,0.0,0.0,0.0,0.0,0.0,0.0,0.0,0.0,0.0,0.0,0.0,0.0,0.0,60.0,0.0,0,1,0,60,0
8.8.8.8,10.0.3.131,8008,55624,00:50:56:fd:3c:fc,00:0c:29:44:fe:4f,6,2022-05-14 09:09:27,0.0,0,0,0,0,1,0,60,0,60.0,60.0,60.0,0.0,0.0,0.0,0.0,0.0,60,60,60.0,0.0,0.0,20,0,20,1,0.0,0.0,0.0,0.0,0,0.0,0.0,0.0,0.0,0.0,0.0,0.0,0.0,0.0,0,0,0,0,0,0,0,0,0,0,0,0.0,60.0,64240,0,0.0,0.0,0.0,0.0,0.0,0.0,0.0,0.0,0.0,0.0,0.0,0.0,0.0,0.0,60.0,0.0,0,1,0,60,0
10.0.3.1,239.255.255.250,52729,1900,00:50:56:c0:00:08,01:00:5e:7f:ff:fa,17,2022-05-14 09:09:29,6025534.0,89.12073187206312,0.4978811836428107,0.4978811836428107,0.0,3,0,537,0,179.0,179.0,179.0,0.0,0.0,0.0,0.0,0.0,179,179,179.0,0.0,0.0,24,0,8,3,3012767.0,3014518.0,3011016.0,1751.0,6025534.0,3014518.0,3011016.0,3012767.0,1751.0,0.0,0.0,0.0,0.0,0.0,0,0,0,0,0,0,0,0,0,0,0,0.0,179.0,0,0,0.0,0.0,0.0,0.0,0.0,0.0,0.0,0.0,0.0,0.0,0.0,0.0,0.0,0.0,179.0,0.0,0,3,0,537,0
