142.251.37.227-10.0.3.131-443-56736-6,10.0.3.131,56736,142.251.37.227,443,6,17/05/2022 05:19:39 PM,502249,9,9,792.0,4947.0,517.0,0.0,88.0,172.20409402798762,2927.0,0.0,549.6666666666665,1013.134739311608,11426.603139080418,35.8387970906861,29544.058823529413,67170.0391278271,260250.0,0.0,427557.0,53444.62499999999,91542.94745081208,260250.0,37.0,502217.0,62777.125,89169.82051991341,260554.0,0.0,0,0,0,0,180,204,17.91939854534305,17.91939854534305,0.0,2927.0,302.05263157894734,726.6432315551506,528010.3859649122,0,1,0,0,0,0,0,0,1.0,318.8333333333333,88.0,549.6666666666666,0,0,0,0,0,0,9,792,9,4947,-1,64240,4,0,0,0,0,0,0,0,0,0,No Label
142.251.37.46-10.0.3.131-443-46300-6,10.0.3.131,46300,142.251.37.46,443,6,17/05/2022 05:19:42 PM,244988,8,8,792.0,4947.0,517.0,0.0,99.0,180.6820411662432,4339.0,0.0,618.375,1518.3395006669998,23425.63717406567,65.30932127287866,16332.533333333331,33098.262858746326,90691.0,12.0,169239.0,24177.0,39975.31389495272,90991.0,215.0,244919.0,34988.42857142857,42368.53331918687,90691.0,232.0,0,0,0,0,160,184,32.65466063643933,32.65466063643933,0.0,4339.0,337.58823529411757,1047.7981710963907,1097881.0073529412,0,1,0,0,0,0,0,0,1.0,358.6875,99.0,618.375,0,0,0,0,0,0,8,792,8,4947,-1,64240,4,0,0,0,0,0,0,0,0,0,No Label
142.251.37.46-10.0.3.131-443-46298-6,10.0.3.131,46298,142.251.37.46,443,6,17/05/2022 05:19:42 PM,245514,9,8,792.0,4947.0,517.0,0.0,88.0,172.20409402798762,2927.0,0.0,618.3749999999999,1060.4335956175123,23375.449057894864,69.24248719013987,15344.625,31931.55695729018,89009.0,6.0,169691.0,21211.375,37390.98761901054,89254.0,73.0,244682.0,34954.57142857143,41854.845772252556,89009.0,108.0,0,0,0,0,180,184,36.6577873359564,32.58469985418347,0.0,2927.0,318.83333333333337,743.9118583146638,553404.8529411765,0,1,0,0,0,0,0,0,0.0,337.5882352941176,88.0,618.375,0,0,0,0,0,0,9,792,8,4947,-1,64240,4,0,0,0,0,0,0,0,0,0,No Label
142.251.37.46-10.0.3.131-443-46302-6,10.0.3.131,46302,142.251.37.46,443,6,17/05/2022 05:19:42 PM,251253,9,9,792.0,4947.0,517.0,0.0,88.0,172.20409402798762,2927.0,0.0,549.6666666666665,1013.134739311608,22841.51831022913,71.64093563061934,14779.588235294119,32328.1516620167,91801.0,7.0,173840.0,21730.0,39133.555823980154,92023.0,113.0,251233.0,31404.124999999996,42336.96217402708,91801.0,100.0,0,0,0,0,180,204,35.82046781530967,35.82046781530967,0.0,2927.0,302.0526315789474,726.6432315551506,528010.3859649122,0,1,0,0,0,0,0,0,1.0,318.8333333333333,88.0,549.6666666666666,0,0,0,0,0,0,9,792,9,4947,-1,64240,4,0,0,0,0,0,0,0,0,0,No Label
142.251.37.46-10.0.3.131-443-46304-6,10.0.3.131,46304,142.251.37.46,443,6,17/05/2022 05:19:42 PM,214459,8,8,792.0,4947.0,517.0,0.0,99.0,180.6820411662432,4339.0,0.0,618.375,1518.3395006669998,26760.359789050588,74.60633501042157,14297.266666666666,29062.230797442404,79571.0,6.0,147977.0,21139.571428571428,35134.607558441785,79861.0,134.0,214444.0,30634.857142857145,37245.07358219147,79571.0,79.0,0,0,0,0,160,184,37.30316750521079,37.30316750521079,0.0,4339.0,337.58823529411757,1047.7981710963907,1097881.0073529412,0,1,0,0,0,0,0,0,1.0,358.6875,99.0,618.375,0,0,0,0,0,0,8,792,8,4947,-1,64240,4,0,0,0,0,0,0,0,0,0,No Label
10.0.3.131-74.125.200.94-55380-443-6,10.0.3.131,55380,74.125.200.94,443,6,17/05/2022 05:19:44 PM,1091907,9,8,792.0,7280.0,517.0,0.0,88.0,172.20409402798762,4236.0,0.0,910.0,1586.6701880713224,7392.570979030265,15.569091506877418,68244.18749999999,145870.58081656665,365310.0,22.0,731585.0,91448.125,167956.44864533652,365476.0,78.0,1091521.0,155931.57142857142,192998.1327620012,365310.0,245.0,0,0,0,0,180,184,8.242460209523339,7.326631297354079,0.0,4236.0,448.44444444444434,1109.7043179165403,1231443.673202614,0,1,0,0,0,0,0,0,0.0,474.8235294117647,88.0,910.0,0,0,0,0,0,0,9,792,8,7280,-1,64240,4,0,0,0,0,0,0,0,0,0,No Label
142.250.200.225-10.0.3.131-443-57734-6,10.0.3.131,57734,142.250.200.225,443,6,17/05/2022 05:19:54 PM,1343323,9,8,792.0,8099.0,517.0,0.0,88.0,172.20409402798762,6079.0,0.0,1012.375,2108.432859969698,6618.6613346157255,12.655184196205976,83957.6875,267459.5812620962,1078301.0,9.0,1261505.0,157688.125,374213.1332876789,1078301.0,79.0,1342996.0,191856.57142857142,393371.34844353586,1078443.0,187.0,0,0,0,0,180,184,6.699803397991399,5.955380798214577,0.0,6079.0,493.94444444444446,1439.6265640056972,2072524.64379085,0,1,0,0,0,0,0,0,0.0,523.0,88.0,1012.375,0,0,0,0,0,0,9,792,8,8099,-1,64240,4,0,0,0,0,0,0,0,0,0,No Label
142.250.200.225-10.0.3.131-443-57736-6,10.0.3.131,57736,142.250.200.225,443,6,17/05/2022 05:19:54 PM,1530019,9,8,792.0,8101.0,517.0,0.0,88.0,172.20409402798762,6081.0,0.0,1012.6249999999999,2109.119446424435,5812.346121191959,11.110973131706208,95626.18750000001,294713.5072891906,1183776.0,7.0,1462006.0,182750.75,410125.44924371265,1183776.0,73.0,1529421.0,218488.71428571426,431158.6881314559,1183943.0,256.0,0,0,0,0,180,184,5.882279893256228,5.22869323844998,0.0,6081.0,494.05555555555554,1440.0829825853878,2073838.9967320263,0,1,0,0,0,0,0,0,0.0,523.1176470588235,88.0,1012.625,0,0,0,0,0,0,9,792,8,8101,-1,64240,4,0,0,0,0,0,0,0,0,0,No Label
142.250.200.225-10.0.3.131-443-57738-6,10.0.3.131,57738,142.250.200.225,443,6,17/05/2022 05:19:54 PM,1530558,8,7,792.0,8101.0,517.0,0.0,99.0,180.6820411662432,7493.0,0.0,1157.2857142857142,2802.960976912672,5810.299250338765,9.800347324309174,109325.57142857143,313741.01996997814,1183189.0,7.0,1462541.0,208934.42857142858,435286.2388776904,1183189.0,70.0,1529550.0,254925.0,459867.3921464752,1183334.0,326.0,0,0,0,0,160,164,5.226851906298226,4.573495418010947,0.0,7493.0,555.8125,1859.7276223056608,3458586.8291666666,0,1,0,0,0,0,0,0,0.0,592.8666666666667,99.0,1157.2857142857142,0,0,0,0,0,0,8,792,7,8101,-1,64240,4,0,0,0,0,0,0,0,0,0,No Label
142.250.203.234-10.0.3.131-443-57306-6,10.0.3.131,57306,142.250.203.234,443,6,17/05/2022 05:19:55 PM,395872,8,8,792.0,5289.0,517.0,0.0,99.0,180.6820411662432,4681.0,0.0,661.1250000000001,1638.149429561122,15361.025786112683,40.417104518632286,26391.46666666667,57153.08715054765,203539.0,10.0,319294.0,45613.428571428565,77299.330277084,203702.0,320.0,395664.0,56523.428571428565,75078.64227563243,203539.0,506.0,0,0,0,0,160,184,20.208552259316143,20.208552259316143,0.0,4681.0,357.70588235294105,1129.5227291153706,1275821.595588235,0,1,0,0,0,0,0,0,1.0,380.0625,99.0,661.125,0,0,0,0,0,0,8,792,8,5289,-1,64240,4,0,0,0,0,0,0,0,0,0,No Label
142.250.200.225-10.0.3.131-443-57740-6,10.0.3.131,57740,142.250.200.225,443,6,17/05/2022 05:19:54 PM,1546477,9,9,792.0,8100.0,517.0,0.0,88.0,172.20409402798762,6080.0,0.0,900.0000000000001,2001.243613356455,5749.843030319881,11.63935836097142,90969.23529411767,284960.2556192112,1177715.0,8.0,1470340.0,183792.5,407781.68732195767,1177715.0,228.0,1546395.0,193299.37500000003,403827.81361011404,1177942.0,150.0,0,0,0,0,180,204,5.81967918048571,5.81967918048571,0.0,6080.0,467.99999999999994,1403.8692959104135,1970849.0,0,1,0,0,0,0,0,0,1.0,494.0,88.0,900.0,0,0,0,0,0,0,9,792,9,8100,-1,64240,4,0,0,0,0,0,0,0,0,0,No Label
142.250.203.234-10.0.3.131-443-57306-6,142.250.203.234,443,10.0.3.131,57306,6,17/05/2022 05:19:56 PM,185189,1,1,31.0,0.0,31.0,31.0,31.0,0.0,0.0,0.0,0.0,0.0,167.3965516310364,10.799777524582995,185189.0,0.0,185189.0,185189.0,0,0,0,0,0,0,0,0,0,0,0,0,0,0,20,20,5.399888762291497,5.399888762291497,0.0,31.0,10.333333333333334,17.8978583448784,320.33333333333337,0,0,0,0,1,0,0,0,1.0,15.5,31.0,0.0,0,0,0,0,0,0,1,31,1,0,-1,64239,1,0,0,0,0,0,0,0,0,0,No Label
142.250.200.225-10.0.3.131-443-57742-6,10.0.3.131,57742,142.250.200.225,443,6,17/05/2022 05:19:54 PM,1731610,8,7,792.0,8101.0,517.0,0.0,99.0,180.6820411662432,7493.0,0.0,1157.2857142857142,2802.960976912672,5135.682977113784,8.66245863676001,123686.42857142858,387998.24235658883,1465669.0,7.0,1654129.0,236304.14285714284,543816.2110883383,1465669.0,74.0,1731009.0,288501.5,578374.6783872026,1465926.0,269.0,0,0,0,0,160,164,4.619977939605338,4.042480697154671,0.0,7493.0,555.8125,1859.7276223056608,3458586.8291666666,0,1,0,0,0,0,0,0,0.0,592.8666666666667,99.0,1157.2857142857142,0,0,0,0,0,0,8,792,7,8101,-1,64240,4,0,0,0,0,0,0,0,0,0,No Label
10.0.3.131-52.31.164.68-44402-443-6,10.0.3.131,44402,52.31.164.68,443,6,17/05/2022 05:20:04 PM,550,2,2,31.0,46.0,31.0,0.0,15.5,21.920310216782973,46.0,0.0,23.0,32.526911934581186,140000.0,7272.727272727272,183.33333333333334,102.71481554933219,282.0,77.0,77.0,77.0,0.0,77.0,77.0,282.0,282.0,0.0,282.0,282.0,0,1,0,0,40,40,3636.363636363636,3636.363636363636,0.0,46.0,24.6,23.276597689524987,541.8,0,0,0,1,1,0,0,0,1.0,30.75,15.5,23.0,0,0,0,0,0,0,2,31,2,46,-1,64240,1,0,0,0,0,0,0,0,0,0,No Label
10.0.3.131-52.31.164.68-44402-443-6,52.31.164.68,443,10.0.3.131,44402,6,17/05/2022 05:20:04 PM,94948,2,1,0.0,0.0,0.0,0.0,0.0,0.0,0.0,0.0,0.0,0.0,0.0,31.596242153599864,47474.0,66979.98274111452,94836.0,112.0,94836.0,94836.0,0.0,94836.0,94836.0,0,0,0,0,0,0,0,0,0,40,20,21.064161435733244,10.532080717866622,0.0,0.0,0.0,0.0,0.0,0,0,0,0,1,0,0,0,0.0,0.0,0.0,0.0,0,0,0,0,0,0,2,0,1,0,-1,64240,0,0,0,0,0,0,0,0,0,0,No Label
10.0.3.131-84.235.65.14-55024-443-6,10.0.3.131,55024,84.235.65.14,443,6,17/05/2022 05:20:04 PM,260545,11,10,1268.0,11010.0,663.0,0.0,115.27272727272725,237.7738803607709,3555.0,0.0,1101.0,1322.61223006258,47124.29714636627,80.60028018192634,13027.25,40471.97010131307,179499.0,7.0,241946.0,24194.6,56111.63872376806,179499.0,60.0,260321.0,28924.55555555555,58170.91302599417,179733.0,67.0,0,0,0,0,220,224,42.21919438100903,38.381085800917305,0.0,3555.0,558.0909090909091,1017.1160868844491,1034525.1341991343,0,1,0,0,0,0,0,0,0.0,584.6666666666666,115.27272727272727,1101.0,0,0,0,0,0,0,11,1268,10,11010,-1,64240,4,0,0,0,0,0,0,0,0,0,No Label
10.0.3.130-35.224.170.84-59892-80-6,10.0.3.130,59892,35.224.170.84,80,6,17/05/2022 05:20:07 PM,353391,2,4,87.0,148.0,87.0,0.0,43.5,61.518289963229634,148.0,0.0,37.0,74.0,664.9858089198649,16.97836107880506,70678.2,96453.93069595454,176783.0,0.0,387.0,387.0,0.0,387.0,387.0,353391.0,117797.0,101396.0989930086,176783.0,716.0,0,0,0,0,40,104,5.6594536929350205,11.318907385870041,0.0,148.0,33.57142857142857,59.97737668726196,3597.285714285714,0,1,0,0,0,0,0,0,2.0,39.166666666666664,43.5,37.0,0,0,0,0,0,0,2,87,4,148,-1,64240,1,0,0,0,0,0,0,0,0,0,No Label
142.250.203.225-10.0.3.131-443-52392-6,10.0.3.131,52392,142.250.203.225,443,6,17/05/2022 05:20:10 PM,608578,8,7,792.0,4921.0,517.0,0.0,99.0,180.6820411662432,4313.0,0.0,703.0,1607.9059881307323,9387.457318535999,24.647621175921575,43469.857142857145,79515.91907948336,217976.0,9.0,398351.0,56907.28571428571,83532.87539189642,217976.0,44.0,608350.0,101391.66666666667,97009.62331164196,218169.0,295.0,0,0,0,0,160,164,13.145397960491508,11.50222321543007,0.0,4313.0,357.06249999999994,1072.0281382345645,1149244.3291666664,0,1,0,0,0,0,0,0,0.0,380.8666666666667,99.0,703.0,0,0,0,0,0,0,8,792,7,4921,-1,64240,4,0,0,0,0,0,0,0,0,0,No Label
142.250.203.225-10.0.3.131-443-52384-6,10.0.3.131,52384,142.250.203.225,443,6,17/05/2022 05:20:10 PM,672492,8,7,792.0,4919.0,517.0,0.0,99.0,180.6820411662432,4311.0,0.0,702.7142857142857,1607.1576062815282,8492.294332125884,22.305098053211044,48035.14285714286,94922.81140027338,307568.0,11.0,594932.0,84990.28571428572,124480.945822663,307568.0,40.0,672198.0,112033.0,121861.66718373747,307764.0,336.0,0,0,0,0,160,164,11.89605229504589,10.409045758165153,0.0,4311.0,356.93749999999994,1071.536122816212,1148189.6625,0,1,0,0,0,0,0,0,0.0,380.73333333333335,99.0,702.7142857142857,0,0,0,0,0,0,8,792,7,4919,-1,64240,4,0,0,0,0,0,0,0,0,0,No Label
142.250.201.46-10.0.3.131-443-51970-6,10.0.3.131,51970,142.250.201.46,443,6,17/05/2022 05:20:12 PM,214092,8,7,792.0,7279.0,517.0,0.0,99.0,180.6820411662432,6671.0,0.0,1039.857142857143,2493.417496033067,37698.74633335201,70.06333725688022,15292.285714285712,29286.58707281588,79235.0,17.0,150654.0,21521.999999999996,34658.214230780366,79447.0,71.0,213697.0,35616.166666666664,36922.263275247176,79235.0,196.0,0,0,0,0,160,164,37.36711320366945,32.69622405321077,0.0,6671.0,504.43750000000017,1655.445960811366,2740501.3291666666,0,1,0,0,0,0,0,0,0.0,538.0666666666667,99.0,1039.857142857143,0,0,0,0,0,0,8,792,7,7279,-1,64240,4,0,0,0,0,0,0,0,0,0,No Label
10.0.3.131-94.97.87.78-49036-443-6,10.0.3.131,49036,94.97.87.78,443,6,17/05/2022 05:20:18 PM,118144,11,10,1269.0,11012.0,664.0,0.0,115.36363636363637,238.00431623282498,3557.0,0.0,1101.1999999999998,1323.024632339768,103949.41765980498,177.74918743228602,5907.200000000001,14579.008906463321,56010.0,7.0,90601.0,9060.1,18816.5885941693,56157.0,57.0,117902.0,13100.222222222223,19981.89660528861,56010.0,66.0,0,0,0,0,220,224,93.10671722643553,84.64247020585049,0.0,3557.0,558.2272727272726,1017.401682710759,1035106.1839826839,0,1,0,0,0,0,0,0,0.0,584.8095238095239,115.36363636363636,1101.2,0,0,0,0,0,0,11,1269,10,11012,-1,64240,4,0,0,0,0,0,0,0,0,0,No Label
142.251.37.206-10.0.3.131-443-35578-6,10.0.3.131,35578,142.251.37.206,443,6,17/05/2022 05:20:26 PM,218174,10,9,792.0,7280.0,517.0,0.0,79.2,164.7232021705908,3848.0,0.0,808.8888888888889,1288.193739742245,36997.992428062,87.08645393126586,12120.777777777777,26701.658467010788,78403.0,7.0,150508.0,16723.11111111111,31069.054521518854,78579.0,70.0,217824.0,27228.0,35531.789135123174,78403.0,153.0,0,0,0,0,200,204,45.834975753297826,41.25147817796804,0.0,3848.0,403.6,923.7602445838877,853332.9894736841,0,1,0,0,0,0,0,0,0.0,424.8421052631579,79.2,808.8888888888889,0,0,0,0,0,0,10,792,9,7280,-1,64240,4,0,0,0,0,0,0,0,0,0,No Label
10.0.3.131-84.235.64.206-44432-443-6,10.0.3.131,44432,84.235.64.206,443,6,17/05/2022 05:20:10 PM,20344647,216,256,15219.0,2488272.0,1684.0,0.0,70.4583333333333,326.79234303318106,44471.0,0.0,9719.812500000004,7395.437652668692,123054.03971865425,23.20020593131943,43194.57961783441,542865.225646,1.0082404E7,0.0,2.0337072E7,94591.03255813952,801480.3542160961,1.0082404E7,9.0,2.034418E7,79781.09803921572,789786.9342996969,1.1106757E7,0.0,0,0,0,0,4320,5144,10.617043392298722,12.583162539020707,0.0,44471.0,5292.792811839323,7264.0422134659975,5.276630927901599E7,0,1,0,0,0,0,0,0,1.0,5304.006355932203,70.45833333333333,9719.8125,0,0,0,0,0,0,216,15219,256,2488272,-1,64240,12,0,2236683.5,1714615.8575449197,3449100.0,1024267.0,7767230.0,3274150.470053568,1.0082404E7,5452056.0,No Label
10.0.3.131-10.0.3.2-39414-53-17,10.0.3.131,39414,10.0.3.2,53,17,17/05/2022 05:19:39 PM,13628,1,3,33.0,143.0,33.0,33.0,33.0,0.0,61.0,33.0,47.666666666666664,14.047538337136986,12914.587613736425,293.51335485764605,4542.666666666667,5565.674202945527,10766.0,42.0,0,0,0,0,0,13628.0,6814.0,5648.368968118141,10808.0,2820.0,0,0,0,0,8,24,73.37833871441151,220.13501614323454,33.0,61.0,41.8,12.77497553813705,163.2,0,0,0,0,0,0,0,0,3.0,52.25,33.0,47.666666666666664,0,0,0,0,0,0,1,33,3,143,-1,-1,1,0,0,0,0,0,0,0,0,0,No Label
142.251.37.206-10.0.3.131-443-35578-6,142.251.37.206,443,10.0.3.131,35578,6,17/05/2022 05:20:27 PM,62139,2,2,31.0,0.0,31.0,0.0,15.5,21.920310216782973,0.0,0.0,0.0,0.0,498.8815397737331,64.3718115837075,20713.0,35774.65640645623,62022.0,28.0,62022.0,62022.0,0.0,62022.0,62022.0,62139.0,62139.0,0.0,62139.0,62139.0,0,0,0,0,40,40,32.18590579185375,32.18590579185375,0.0,31.0,6.2,13.863621460498695,192.2,0,0,0,0,1,0,0,0,1.0,7.75,15.5,0.0,0,0,0,0,0,0,2,31,2,0,-1,0,1,0,0,0,0,0,0,0,0,0,No Label
10.0.3.131-10.0.3.2-37944-53-17,10.0.3.131,37944,10.0.3.2,53,17,17/05/2022 05:20:10 PM,77007,1,3,51.0,257.0,51.0,51.0,51.0,0.0,109.0,51.0,85.66666666666667,30.615900008546756,3999.6363966912095,51.943329827158564,25669.0,39723.47979470077,71432.0,92.0,0,0,0,0,0,77007.0,38503.5,46698.03893634079,71524.0,5483.0,0,0,0,0,8,24,12.985832456789641,38.95749737036893,51.0,109.0,71.8,28.79583303188154,829.2,0,0,0,0,0,0,0,0,3.0,89.75,51.0,85.66666666666667,0,0,0,0,0,0,1,51,3,257,-1,-1,1,0,0,0,0,0,0,0,0,0,No Label
10.0.3.131-10.0.3.2-44898-53-17,10.0.3.131,44898,10.0.3.2,53,17,17/05/2022 05:19:40 PM,16108,1,3,38.0,158.0,38.0,38.0,38.0,0.0,66.0,38.0,52.666666666666664,14.047538337136986,12167.866898435559,248.32381425378694,5369.333333333333,6157.5080457384165,12148.0,122.0,0,0,0,0,0,16108.0,8054.0,5962.324378964969,12270.0,3838.0,0,0,0,0,8,24,62.080953563446734,186.2428606903402,38.0,66.0,46.8,12.77497553813705,163.2,0,0,0,0,0,0,0,0,3.0,58.5,38.0,52.666666666666664,0,0,0,0,0,0,1,38,3,158,-1,-1,1,0,0,0,0,0,0,0,0,0,No Label
142.251.37.46-10.0.3.131-443-46298-6,142.251.37.46,443,10.0.3.131,46298,6,17/05/2022 05:19:42 PM,73167,2,2,31.0,0.0,31.0,0.0,15.5,21.920310216782973,0.0,0.0,0.0,0.0,423.6882747686799,54.66945480886192,24389.0,42185.832503341684,73101.0,17.0,73101.0,73101.0,0.0,73101.0,73101.0,73167.0,73167.0,0.0,73167.0,73167.0,0,0,0,0,40,40,27.33472740443096,27.33472740443096,0.0,31.0,6.2,13.863621460498695,192.2,0,0,0,0,1,0,0,0,1.0,7.75,15.5,0.0,0,0,0,0,0,0,2,31,2,0,-1,0,1,0,0,0,0,0,0,0,0,0,No Label
10.0.3.131-74.125.200.94-55380-443-6,74.125.200.94,443,10.0.3.131,55380,6,17/05/2022 05:19:45 PM,354509,2,2,31.0,0.0,31.0,0.0,15.5,21.920310216782973,0.0,0.0,0.0,0.0,87.44488856418313,11.283211427636534,118169.66666666666,204607.4511603459,354430.0,24.0,354430.0,354430.0,0.0,354430.0,354430.0,354509.0,354509.0,0.0,354509.0,354509.0,0,0,0,0,40,40,5.641605713818267,5.641605713818267,0.0,31.0,6.2,13.863621460498695,192.2,0,0,0,0,1,0,0,0,1.0,7.75,15.5,0.0,0,0,0,0,0,0,2,31,2,0,-1,0,1,0,0,0,0,0,0,0,0,0,No Label
10.0.3.131-10.0.3.2-59108-53-17,10.0.3.131,59108,10.0.3.2,53,17,17/05/2022 05:19:44 PM,19004,1,3,31.0,137.0,31.0,31.0,31.0,0.0,59.0,31.0,45.666666666666664,14.047538337136986,8840.244159124395,210.48200378867608,6334.666666666667,5572.32126975225,10809.0,93.0,0,0,0,0,0,19004.0,9502.0,1979.8989873223331,10902.0,8102.0,0,0,0,0,8,24,52.62050094716902,157.86150284150705,31.0,59.0,39.8,12.77497553813705,163.2,0,0,0,0,0,0,0,0,3.0,49.75,31.0,45.666666666666664,0,0,0,0,0,0,1,31,3,137,-1,-1,1,0,0,0,0,0,0,0,0,0,No Label
142.251.37.46-10.0.3.131-443-46300-6,142.251.37.46,443,10.0.3.131,46300,6,17/05/2022 05:19:42 PM,73747,1,2,31.0,0.0,31.0,31.0,31.0,0.0,0.0,0.0,0.0,0.0,420.35608228131315,40.679620865933536,36873.5,52138.51851079008,73741.0,6.0,0,0,0,0,0,73747.0,73747.0,0.0,73747.0,73747.0,0,0,0,0,20,40,13.559873621977845,27.11974724395569,0.0,31.0,7.75,15.500000000000002,240.25000000000003,0,0,0,0,1,0,0,0,2.0,10.333333333333334,31.0,0.0,0,0,0,0,0,0,1,31,2,0,-1,0,1,0,0,0,0,0,0,0,0,0,No Label
142.251.37.46-10.0.3.131-443-46302-6,142.251.37.46,443,10.0.3.131,46302,6,17/05/2022 05:19:42 PM,75860,1,2,31.0,0.0,31.0,31.0,31.0,0.0,0.0,0.0,0.0,0.0,408.6475085684155,39.54653308726602,37930.0,53626.97828518776,75850.0,10.0,0,0,0,0,0,75860.0,75860.0,0.0,75860.0,75860.0,0,0,0,0,20,40,13.182177695755339,26.364355391510678,0.0,31.0,7.75,15.500000000000002,240.25000000000003,0,0,0,0,1,0,0,0,2.0,10.333333333333334,31.0,0.0,0,0,0,0,0,0,1,31,2,0,-1,0,1,0,0,0,0,0,0,0,0,0,No Label
142.251.37.46-10.0.3.131-443-46304-6,142.251.37.46,443,10.0.3.131,46304,6,17/05/2022 05:19:42 PM,62219,1,2,31.0,0.0,31.0,31.0,31.0,0.0,0.0,0.0,0.0,0.0,498.24008743309923,48.21678265481606,31109.5,43982.748896584446,62210.0,9.0,0,0,0,0,0,62219.0,62219.0,0.0,62219.0,62219.0,0,0,0,0,20,40,16.072260884938686,32.14452176987737,0.0,31.0,7.75,15.500000000000002,240.25000000000003,0,0,0,0,1,0,0,0,2.0,10.333333333333334,31.0,0.0,0,0,0,0,0,0,1,31,2,0,-1,0,1,0,0,0,0,0,0,0,0,0,No Label
10.0.3.131-10.0.3.2-41354-53-17,10.0.3.131,41354,10.0.3.2,53,17,17/05/2022 05:19:55 PM,22484,1,3,40.0,262.0,40.0,40.0,40.0,0.0,117.0,40.0,87.33333333333333,41.428653530296316,13431.773705746307,177.90428749332858,7494.666666666666,10313.51202710955,19264.0,35.0,0,0,0,0,0,22484.0,11242.0,11394.318672040026,19299.0,3185.0,0,0,0,0,8,24,44.476071873332145,133.42821561999645,40.0,117.0,68.4,39.119049068196944,1530.3000000000002,0,0,0,0,0,0,0,0,3.0,85.5,40.0,87.33333333333333,0,0,0,0,0,0,1,40,3,262,-1,-1,1,0,0,0,0,0,0,0,0,0,No Label
10.0.3.131-10.0.3.2-48372-53-17,10.0.3.131,48372,10.0.3.2,53,17,17/05/2022 05:19:42 PM,13210,1,3,45.0,179.0,45.0,45.0,45.0,0.0,73.0,45.0,59.666666666666664,14.047538337136986,16956.85087055261,302.8009084027252,4403.333333333333,5288.696846420045,10289.0,50.0,0,0,0,0,0,13210.0,6605.0,5280.673441901137,10339.0,2871.0,0,0,0,0,8,24,75.7002271006813,227.1006813020439,45.0,73.0,53.8,12.77497553813705,163.2,0,0,0,0,0,0,0,0,3.0,67.25,45.0,59.666666666666664,0,0,0,0,0,0,1,45,3,179,-1,-1,1,0,0,0,0,0,0,0,0,0,No Label
142.250.203.225-10.0.3.131-443-52384-6,142.250.203.225,443,10.0.3.131,52384,6,17/05/2022 05:20:11 PM,74568,2,2,31.0,0.0,31.0,0.0,15.5,21.920310216782973,0.0,0.0,0.0,0.0,415.72792618817726,53.642313056539,24856.0,42930.631861178095,74428.0,28.0,74428.0,74428.0,0.0,74428.0,74428.0,74568.0,74568.0,0.0,74568.0,74568.0,0,0,0,0,40,40,26.8211565282695,26.8211565282695,0.0,31.0,6.2,13.863621460498695,192.2,0,0,0,0,1,0,0,0,1.0,7.75,15.5,0.0,0,0,0,0,0,0,2,31,2,0,-1,0,1,0,0,0,0,0,0,0,0,0,No Label
142.250.201.46-10.0.3.131-443-51970-6,142.250.201.46,443,10.0.3.131,51970,6,17/05/2022 05:20:12 PM,61917,2,2,31.0,0.0,31.0,0.0,15.5,21.920310216782973,0.0,0.0,0.0,0.0,500.6702521116979,64.60261317570296,20639.0,35618.787893469926,61768.0,29.0,61768.0,61768.0,0.0,61768.0,61768.0,61917.0,61917.0,0.0,61917.0,61917.0,0,0,0,0,40,40,32.30130658785148,32.30130658785148,0.0,31.0,6.2,13.863621460498695,192.2,0,0,0,0,1,0,0,0,1.0,7.75,15.5,0.0,0,0,0,0,0,0,2,31,2,0,-1,0,1,0,0,0,0,0,0,0,0,0,No Label
10.0.3.130-35.224.170.84-59892-80-6,10.0.3.130,59892,35.224.170.84,80,6,17/05/2022 05:20:07 PM,0,0,2,0.0,0.0,0,0,0,0,0.0,0.0,0.0,0.0,NaN,Infinity,0.0,0.0,0.0,0.0,0,0,0,0,0,0.0,0.0,0.0,0.0,0.0,0,0,0,0,0,40,0.0,0.0,0.0,0.0,0.0,0.0,0.0,1,0,0,0,1,0,0,0,0.0,0.0,0.0,0.0,0,0,0,0,0,0,0,0,2,0,-1,64239,0,0,0,0,0,0,0,0,0,0,No Label
10.0.3.131-10.0.3.2-52604-53-17,10.0.3.131,52604,10.0.3.2,53,17,17/05/2022 05:19:39 PM,11856,0,2,0.0,113.0,0,0,0,0,82.0,31.0,56.5,36.062445840513924,9531.039136302294,168.69095816464238,11856.0,0.0,11856.0,11856.0,0,0,0,0,0,11856.0,11856.0,0.0,11856.0,11856.0,0,0,0,0,0,16,0.0,168.69095816464238,31.0,82.0,48.0,29.444863728670914,867.0,0,0,0,0,0,0,0,0,0.0,72.0,0.0,56.5,0,0,0,0,0,0,0,0,2,113,-1,-1,0,0,0,0,0,0,0,0,0,0,No Label
10.0.3.131-10.0.3.2-53071-53-17,10.0.3.131,53071,10.0.3.2,53,17,17/05/2022 05:19:45 PM,9622,0,2,0.0,106.0,0,0,0,0,61.0,45.0,53.0,11.313708498984761,11016.420702556641,207.85699438786114,9622.0,0.0,9622.0,9622.0,0,0,0,0,0,9622.0,9622.0,0.0,9622.0,9622.0,0,0,0,0,0,16,0.0,207.85699438786114,45.0,61.0,50.333333333333336,9.237604307034012,85.33333333333333,0,0,0,0,0,0,0,0,0.0,75.5,0.0,53.0,0,0,0,0,0,0,0,0,2,106,-1,-1,0,0,0,0,0,0,0,0,0,0,No Label
10.0.3.131-10.0.3.2-40898-53-17,10.0.3.131,40898,10.0.3.2,53,17,17/05/2022 05:20:04 PM,20224,1,3,50.0,252.0,50.0,50.0,50.0,0.0,107.0,50.0,84.0,30.04995840263344,14932.753164556963,197.7848101265823,6741.333333333333,7408.712731192467,14699.0,43.0,0,0,0,0,0,20224.0,10112.0,6547.80879378743,14742.0,5482.0,0,0,0,0,8,24,49.446202531645575,148.33860759493672,50.0,107.0,70.4,28.25420322713065,798.3,0,0,0,0,0,0,0,0,3.0,88.0,50.0,84.0,0,0,0,0,0,0,1,50,3,252,-1,-1,1,0,0,0,0,0,0,0,0,0,No Label
10.0.3.131-10.0.3.2-55730-53-17,10.0.3.131,55730,10.0.3.2,53,17,17/05/2022 05:20:18 PM,17558,1,3,51.0,257.0,51.0,51.0,51.0,0.0,109.0,51.0,85.66666666666667,30.615900008546756,17541.86125982458,227.81637999772184,5852.666666666667,6666.792657142813,13152.0,85.0,0,0,0,0,0,17558.0,8779.0,6304.564061059258,13237.0,4321.0,0,0,0,0,8,24,56.95409499943046,170.86228499829136,51.0,109.0,71.8,28.79583303188154,829.2,0,0,0,0,0,0,0,0,3.0,89.75,51.0,85.66666666666667,0,0,0,0,0,0,1,51,3,257,-1,-1,1,0,0,0,0,0,0,0,0,0,No Label
10.0.3.131-10.0.3.2-46167-53-17,10.0.3.131,46167,10.0.3.2,53,17,17/05/2022 05:20:26 PM,10901,1,3,33.0,143.0,33.0,33.0,33.0,0.0,61.0,33.0,47.666666666666664,14.047538337136986,16145.307769929366,366.9388129529401,3633.6666666666665,3780.250961686715,7589.0,57.0,0,0,0,0,0,10901.0,5450.5,3104.90587619013,7646.0,3255.0,0,0,0,0,8,24,91.73470323823503,275.2041097147051,33.0,61.0,41.8,12.77497553813705,163.2,0,0,0,0,0,0,0,0,3.0,52.25,33.0,47.666666666666664,0,0,0,0,0,0,1,33,3,143,-1,-1,1,0,0,0,0,0,0,0,0,0,No Label
10.0.3.131-10.0.3.2-37719-53-17,10.0.3.131,37719,10.0.3.2,53,17,17/05/2022 05:20:10 PM,133759,1,3,47.0,185.0,47.0,47.0,47.0,0.0,75.0,47.0,61.666666666666664,14.047538337136986,1734.4627277416848,29.90452978864974,44586.33333333333,71214.84840490312,126723.0,93.0,0,0,0,0,0,133759.0,66879.5,84763.01118117501,126816.0,6943.0,0,0,0,0,8,24,7.476132447162435,22.428397341487305,47.0,75.0,55.8,12.77497553813705,163.2,0,0,0,0,0,0,0,0,3.0,69.75,47.0,61.666666666666664,0,0,0,0,0,0,1,47,3,185,-1,-1,1,0,0,0,0,0,0,0,0,0,No Label
10.0.3.131-10.0.3.2-39942-53-17,10.0.3.131,39942,10.0.3.2,53,17,17/05/2022 05:19:46 PM,15006,1,3,29.0,455.0,29.0,29.0,29.0,0.0,285.0,29.0,151.66666666666666,128.33290043217028,32253.765160602426,266.5600426496068,5002.0,5776.971871144951,11344.0,40.0,0,0,0,0,0,15006.0,7503.0,5488.562835569982,11384.0,3622.0,0,0,0,0,8,24,66.6400106624017,199.9200319872051,29.0,285.0,102.6,112.91058409201504,12748.8,0,0,0,0,0,0,0,0,3.0,128.25,29.0,151.66666666666666,0,0,0,0,0,0,1,29,3,455,-1,-1,1,0,0,0,0,0,0,0,0,0,No Label
10.0.3.131-10.0.3.2-42291-53-17,10.0.3.131,42291,10.0.3.2,53,17,17/05/2022 05:19:38 PM,10630,0,2,0.0,174.0,0,0,0,0,119.0,55.0,87.0,45.254833995939045,16368.76763875823,188.1467544684854,10630.0,0.0,10630.0,10630.0,0,0,0,0,0,10630.0,10630.0,0.0,10630.0,10630.0,0,0,0,0,0,16,0.0,188.1467544684854,55.0,119.0,76.33333333333333,36.95041722813605,1365.3333333333333,0,0,0,0,0,0,0,0,0.0,114.5,0.0,87.0,0,0,0,0,0,0,0,0,2,174,-1,-1,0,0,0,0,0,0,0,0,0,0,No Label
142.251.37.227-10.0.3.131-443-56736-6,142.251.37.227,443,10.0.3.131,56736,6,17/05/2022 05:19:39 PM,71970,1,2,31.0,0.0,31.0,31.0,31.0,0.0,0.0,0.0,0.0,0.0,430.73502848409055,41.68403501458941,35985.0,50867.847624997856,71954.0,16.0,0,0,0,0,0,71970.0,71970.0,0.0,71970.0,71970.0,0,0,0,0,20,40,13.894678338196469,27.789356676392938,0.0,31.0,7.75,15.500000000000002,240.25000000000003,0,0,0,0,1,0,0,0,2.0,10.333333333333334,31.0,0.0,0,0,0,0,0,0,1,31,2,0,-1,0,1,0,0,0,0,0,0,0,0,0,No Label
10.0.3.131-84.235.65.14-55024-443-6,84.235.65.14,443,10.0.3.131,55024,6,17/05/2022 05:20:05 PM,70687,2,1,0.0,0.0,0.0,0.0,0.0,0.0,0.0,0.0,0.0,0.0,0.0,42.44061850128029,35343.5,49908.30372292771,70634.0,53.0,70634.0,70634.0,0.0,70634.0,70634.0,0,0,0,0,0,0,0,0,0,40,20,28.293745667520195,14.146872833760098,0.0,0.0,0.0,0.0,0.0,0,0,0,0,1,0,0,0,0.0,0.0,0.0,0.0,0,0,0,0,0,0,2,0,1,0,-1,64240,0,0,0,0,0,0,0,0,0,0,No Label
10.0.3.131-94.97.87.78-49036-443-6,94.97.87.78,443,10.0.3.131,49036,6,17/05/2022 05:20:18 PM,31927,2,1,0.0,0.0,0.0,0.0,0.0,0.0,0.0,0.0,0.0,0.0,0.0,93.96435618755287,15963.5,22403.264148333386,31805.0,122.0,31805.0,31805.0,0.0,31805.0,31805.0,0,0,0,0,0,0,0,0,0,40,20,62.642904125035244,31.321452062517622,0.0,0.0,0.0,0.0,0.0,0,0,0,0,1,0,0,0,0.0,0.0,0.0,0.0,0,0,0,0,0,0,2,0,1,0,-1,64240,0,0,0,0,0,0,0,0,0,0,No Label
224.0.0.252-10.0.3.1-5355-52722-17,10.0.3.1,52722,224.0.0.252,5355,17,17/05/2022 05:21:38 PM,412954,1,1,90.0,90.0,90.0,90.0,90.0,0.0,90.0,90.0,90.0,0.0,435.883899901684,4.843154443352044,412954.0,0.0,412954.0,412954.0,0,0,0,0,0,0,0,0,0,0,0,0,0,0,8,8,2.421577221676022,2.421577221676022,90.0,90.0,90.0,0.0,0.0,0,0,0,0,0,0,0,0,1.0,135.0,90.0,90.0,0,0,0,0,0,0,1,90,1,90,-1,-1,1,0,0,0,0,0,0,0,0,0,No Label
10.0.3.131-10.0.3.2-34205-53-17,10.0.3.131,34205,10.0.3.2,53,17,17/05/2022 05:19:42 PM,13340,1,3,44.0,176.0,44.0,44.0,44.0,0.0,72.0,44.0,58.666666666666664,14.047538337136986,16491.75412293853,299.85007496251876,4446.666666666667,5360.370540674715,10415.0,42.0,0,0,0,0,0,13340.0,6670.0,5355.626760706911,10457.0,2883.0,0,0,0,0,8,24,74.96251874062969,224.88755622188907,44.0,72.0,52.8,12.77497553813705,163.2,0,0,0,0,0,0,0,0,3.0,66.0,44.0,58.666666666666664,0,0,0,0,0,0,1,44,3,176,-1,-1,1,0,0,0,0,0,0,0,0,0,No Label
142.250.200.225-10.0.3.131-443-57742-6,142.250.200.225,443,10.0.3.131,57742,6,17/05/2022 05:19:56 PM,74132,2,2,31.0,0.0,31.0,0.0,15.5,21.920310216782973,0.0,0.0,0.0,0.0,418.17298872281873,53.95780499649274,24710.666666666664,42702.283221548394,74019.0,22.0,74019.0,74019.0,0.0,74019.0,74019.0,74132.0,74132.0,0.0,74132.0,74132.0,0,0,0,0,40,40,26.97890249824637,26.97890249824637,0.0,31.0,6.2,13.863621460498695,192.2,0,0,0,0,1,0,0,0,1.0,7.75,15.5,0.0,0,0,0,0,0,0,2,31,2,0,-1,0,1,0,0,0,0,0,0,0,0,0,No Label
10.0.3.255-10.0.3.1-137-137-17,10.0.3.1,137,10.0.3.255,137,17,17/05/2022 05:19:58 PM,1534048,2,1,100.0,50.0,50.0,50.0,50.0,0.0,50.0,50.0,50.0,0.0,97.78051273493398,1.9556102546986796,767024.0,3486.0364312496795,769489.0,764559.0,769489.0,769489.0,0.0,769489.0,769489.0,0,0,0,0,0,0,0,0,0,16,8,1.3037401697991196,0.6518700848995598,50.0,50.0,50.0,0.0,0.0,0,0,0,0,0,0,0,0,0.0,66.66666666666667,50.0,50.0,0,0,0,0,0,0,2,100,1,50,-1,-1,2,0,0,0,0,0,0,0,0,0,No Label
10.0.3.131-10.0.3.2-38721-53-17,10.0.3.131,38721,10.0.3.2,53,17,17/05/2022 05:19:54 PM,14187,1,3,31.0,227.0,31.0,31.0,31.0,0.0,104.0,31.0,75.66666666666667,39.145029484384516,18185.662930852188,281.9482624938324,4729.0,5573.5804470734965,10902.0,66.0,0,0,0,0,0,14187.0,7093.5,5479.370447414557,10968.0,3219.0,0,0,0,0,8,24,70.4870656234581,211.4611968703743,31.0,104.0,57.8,36.94184619100675,1364.7,0,0,0,0,0,0,0,0,3.0,72.25,31.0,75.66666666666667,0,0,0,0,0,0,1,31,3,227,-1,-1,1,0,0,0,0,0,0,0,0,0,No Label
239.255.255.250-10.0.3.1-3702-58254-17,10.0.3.1,58254,239.255.255.250,3702,17,17/05/2022 05:19:43 PM,6938200,6,1,3936.0,656.0,656.0,656.0,656.0,0.0,656.0,656.0,656.0,0.0,661.8431293419043,1.008907209362659,1156366.6666666665,804259.6029302146,2005439.0,198200.0,6740000.0,1348000.0,730148.5313266746,2005439.0,398398.0,0,0,0,0,0,0,0,0,0,48,8,0.8647776080251361,0.1441296013375227,656.0,656.0,656.0,0.0,0.0,0,0,0,0,0,0,0,0,0.0,749.7142857142857,656.0,656.0,0,0,0,0,0,0,6,3936,1,656,-1,-1,6,0,0,0,0,0,0,0,0,0,No Label
10.0.3.131-10.0.3.2-60426-53-17,10.0.3.131,60426,10.0.3.2,53,17,17/05/2022 05:19:43 PM,10272,0,2,0.0,122.0,0,0,0,0,87.0,35.0,61.0,36.76955262170047,11876.947040498442,194.70404984423675,10272.0,0.0,10272.0,10272.0,0,0,0,0,0,10272.0,10272.0,0.0,10272.0,10272.0,0,0,0,0,0,16,0.0,194.70404984423675,35.0,87.0,52.33333333333333,30.02221399786054,901.3333333333333,0,0,0,0,0,0,0,0,0.0,78.5,0.0,61.0,0,0,0,0,0,0,0,0,2,122,-1,-1,0,0,0,0,0,0,0,0,0,0,No Label
10.0.3.131-10.0.3.2-33426-53-17,10.0.3.131,33426,10.0.3.2,53,17,17/05/2022 05:20:10 PM,36731,1,3,43.0,173.0,43.0,43.0,43.0,0.0,71.0,43.0,57.666666666666664,14.047538337136986,5880.591326127794,108.89983937273692,12243.666666666666,11288.864838119613,25277.0,5533.0,0,0,0,0,0,36731.0,18365.5,17599.180676951983,30810.0,5921.0,0,0,0,0,8,24,27.22495984318423,81.6748795295527,43.0,71.0,51.8,12.77497553813705,163.2,0,0,0,0,0,0,0,0,3.0,64.75,43.0,57.666666666666664,0,0,0,0,0,0,1,43,3,173,-1,-1,1,0,0,0,0,0,0,0,0,0,No Label
10.0.3.131-10.0.3.2-46166-53-17,10.0.3.131,46166,10.0.3.2,53,17,17/05/2022 05:20:10 PM,33120,1,3,51.0,257.0,51.0,51.0,51.0,0.0,109.0,51.0,85.66666666666667,30.615900008546756,9299.516908212561,120.7729468599034,11040.0,15417.936081071291,28663.0,41.0,0,0,0,0,0,33120.0,16560.0,17174.209501458867,28704.0,4416.0,0,0,0,0,8,24,30.19323671497585,90.57971014492755,51.0,109.0,71.8,28.79583303188154,829.2,0,0,0,0,0,0,0,0,3.0,89.75,51.0,85.66666666666667,0,0,0,0,0,0,1,51,3,257,-1,-1,1,0,0,0,0,0,0,0,0,0,No Label
10.0.3.131-10.0.3.2-48963-53-17,10.0.3.131,48963,10.0.3.2,53,17,17/05/2022 05:19:41 PM,14481,1,3,41.0,247.0,41.0,41.0,41.0,0.0,109.0,41.0,82.33333333333333,36.29508690350987,19888.129272840273,276.22401767833713,4827.0,5000.302890825715,10010.0,32.0,0,0,0,0,0,14481.0,7240.5,3961.919294988226,10042.0,4439.0,0,0,0,0,8,24,69.05600441958428,207.16801325875284,41.0,109.0,65.8,34.2227994179319,1171.2,0,0,0,0,0,0,0,0,3.0,82.25,41.0,82.33333333333333,0,0,0,0,0,0,1,41,3,247,-1,-1,1,0,0,0,0,0,0,0,0,0,No Label
142.250.200.225-10.0.3.131-443-57740-6,142.250.200.225,443,10.0.3.131,57740,6,17/05/2022 05:19:56 PM,190277,1,2,31.0,0.0,31.0,31.0,31.0,0.0,0.0,0.0,0.0,0.0,162.92037398109073,15.766487804621683,95138.5,134495.24531558726,190241.0,36.0,0,0,0,0,0,190277.0,190277.0,0.0,190277.0,190277.0,0,0,0,0,20,40,5.2554959348738945,10.510991869747789,0.0,31.0,7.75,15.500000000000002,240.25000000000003,0,0,0,0,1,0,0,0,2.0,10.333333333333334,31.0,0.0,0,0,0,0,0,0,1,31,2,0,-1,0,1,0,0,0,0,0,0,0,0,0,No Label
10.0.3.131-10.0.3.2-35561-53-17,10.0.3.131,35561,10.0.3.2,53,17,17/05/2022 05:19:38 PM,10205,0,2,0.0,110.0,0,0,0,0,78.0,32.0,55.0,32.526911934581186,10779.029887310142,195.98236158745712,10205.0,0.0,10205.0,10205.0,0,0,0,0,0,10205.0,10205.0,0.0,10205.0,10205.0,0,0,0,0,0,16,0.0,195.98236158745712,32.0,78.0,47.333333333333336,26.558112382722786,705.3333333333334,0,0,0,0,0,0,0,0,0.0,71.0,0.0,55.0,0,0,0,0,0,0,0,0,2,110,-1,-1,0,0,0,0,0,0,0,0,0,0,No Label
10.0.3.130-91.189.94.4-51107-123-17,10.0.3.130,51107,91.189.94.4,123,17,17/05/2022 05:20:45 PM,91622,0,2,0.0,96.0,0,0,0,0,48.0,48.0,48.0,0.0,1047.7832834908647,21.828818406059682,91622.0,0.0,91622.0,91622.0,0,0,0,0,0,91622.0,91622.0,0.0,91622.0,91622.0,0,0,0,0,0,16,0.0,21.828818406059682,48.0,48.0,48.0,0.0,0.0,0,0,0,0,0,0,0,0,0.0,72.0,0.0,48.0,0,0,0,0,0,0,0,0,2,96,-1,-1,0,0,0,0,0,0,0,0,0,0,No Label
10.0.3.131-10.0.3.2-50782-53-17,10.0.3.131,50782,10.0.3.2,53,17,17/05/2022 05:19:46 PM,17046,1,3,33.0,535.0,33.0,33.0,33.0,0.0,323.0,33.0,178.33333333333334,145.0011494207316,33321.600375454655,234.65915757362433,5682.0,6918.2932143701455,13403.0,46.0,0,0,0,0,0,17046.0,8523.0,6966.4160082498665,13449.0,3597.0,0,0,0,0,8,24,58.66478939340608,175.99436818021826,33.0,323.0,120.2,129.80446833603224,16849.2,0,0,0,0,0,0,0,0,3.0,150.25,33.0,178.33333333333334,0,0,0,0,0,0,1,33,3,535,-1,-1,1,0,0,0,0,0,0,0,0,0,No Label
10.0.3.131-10.0.3.2-51350-53-17,10.0.3.131,51350,10.0.3.2,53,17,17/05/2022 05:19:39 PM,13149,1,3,33.0,185.0,33.0,33.0,33.0,0.0,82.0,33.0,61.666666666666664,25.540817005987364,16579.20754429995,304.20564301467795,4383.0,5277.540715143749,10269.0,73.0,0,0,0,0,0,13149.0,6574.5,5328.049596240636,10342.0,2807.0,0,0,0,0,8,24,76.05141075366949,228.15423226100845,33.0,82.0,50.2,23.931151246858143,572.7,0,0,0,0,0,0,0,0,3.0,62.75,33.0,61.666666666666664,0,0,0,0,0,0,1,33,3,185,-1,-1,1,0,0,0,0,0,0,0,0,0,No Label
10.0.3.131-10.0.3.2-53716-53-17,10.0.3.131,53716,10.0.3.2,53,17,17/05/2022 05:19:46 PM,10441,0,2,0.0,92.0,0,0,0,0,54.0,38.0,46.0,11.313708498984761,8811.416530983623,191.55253328225265,10441.0,0.0,10441.0,10441.0,0,0,0,0,0,10441.0,10441.0,0.0,10441.0,10441.0,0,0,0,0,0,16,0.0,191.55253328225265,38.0,54.0,43.333333333333336,9.237604307034012,85.33333333333333,0,0,0,0,0,0,0,0,0.0,65.0,0.0,46.0,0,0,0,0,0,0,0,0,2,92,-1,-1,0,0,0,0,0,0,0,0,0,0,No Label
10.0.3.131-84.235.64.206-44432-443-6,84.235.64.206,443,10.0.3.131,44432,6,17/05/2022 05:20:30 PM,744,2,2,19768.0,0.0,19768.0,0.0,9884.0,13978.08685049567,0.0,0.0,0.0,0.0,2.656989247311828E7,5376.344086021506,248.0,340.68607250664064,639.0,15.0,639.0,639.0,0.0,639.0,639.0,744.0,744.0,0.0,744.0,744.0,0,0,0,0,40,40,2688.172043010753,2688.172043010753,0.0,19768.0,3953.6,8840.518355843169,7.81547648E7,0,0,0,0,1,0,0,0,1.0,4942.0,9884.0,0.0,0,0,0,0,0,0,2,19768,2,0,-1,0,1,0,0,0,0,0,0,0,0,0,No Label
142.250.200.225-10.0.3.131-443-57734-6,142.250.200.225,443,10.0.3.131,57734,6,17/05/2022 05:19:56 PM,202006,2,2,31.0,0.0,31.0,0.0,15.5,21.920310216782973,0.0,0.0,0.0,0.0,153.46078829341704,19.801392037860264,67335.33333333334,116549.41442295337,201915.0,14.0,201915.0,201915.0,0.0,201915.0,201915.0,202006.0,202006.0,0.0,202006.0,202006.0,0,0,0,0,40,40,9.900696018930132,9.900696018930132,0.0,31.0,6.2,13.863621460498695,192.2,0,0,0,0,1,0,0,0,1.0,7.75,15.5,0.0,0,0,0,0,0,0,2,31,2,0,-1,0,1,0,0,0,0,0,0,0,0,0,No Label
10.0.3.131-10.0.3.2-47296-53-17,10.0.3.131,47296,10.0.3.2,53,17,17/05/2022 05:20:31 PM,32567,0,2,0.0,108.0,0,0,0,0,78.0,30.0,54.0,33.94112549695428,3316.2403660146774,61.41185862990144,32567.0,0.0,32567.0,32567.0,0,0,0,0,0,32567.0,32567.0,0.0,32567.0,32567.0,0,0,0,0,0,16,0.0,61.41185862990144,30.0,78.0,46.0,27.712812921102035,768.0,0,0,0,0,0,0,0,0,0.0,69.0,0.0,54.0,0,0,0,0,0,0,0,0,2,108,-1,-1,0,0,0,0,0,0,0,0,0,0,No Label
142.250.200.225-10.0.3.131-443-57738-6,142.250.200.225,443,10.0.3.131,57738,6,17/05/2022 05:19:56 PM,184819,2,2,31.0,0.0,31.0,0.0,15.5,21.920310216782973,0.0,0.0,0.0,0.0,167.73167260941784,21.642796465731337,61606.33333333333,106639.48185045412,184743.0,29.0,184743.0,184743.0,0.0,184743.0,184743.0,184819.0,184819.0,0.0,184819.0,184819.0,0,0,0,0,40,40,10.821398232865668,10.821398232865668,0.0,31.0,6.2,13.863621460498695,192.2,0,0,0,0,1,0,0,0,1.0,7.75,15.5,0.0,0,0,0,0,0,0,2,31,2,0,-1,0,1,0,0,0,0,0,0,0,0,0,No Label
142.250.200.225-10.0.3.131-443-57736-6,142.250.200.225,443,10.0.3.131,57736,6,17/05/2022 05:19:56 PM,189371,2,2,31.0,0.0,31.0,0.0,15.5,21.920310216782973,0.0,0.0,0.0,0.0,163.69982732308537,21.12255836426908,63123.66666666667,109244.19973771299,189268.0,28.0,189268.0,189268.0,0.0,189268.0,189268.0,189371.0,189371.0,0.0,189371.0,189371.0,0,0,0,0,40,40,10.56127918213454,10.56127918213454,0.0,31.0,6.2,13.863621460498695,192.2,0,0,0,0,1,0,0,0,1.0,7.75,15.5,0.0,0,0,0,0,0,0,2,31,2,0,-1,0,1,0,0,0,0,0,0,0,0,0,No Label
10.0.3.131-35.163.37.142-60926-443-6,35.163.37.142,443,10.0.3.131,60926,6,17/05/2022 05:21:16 PM,188637,2,2,31.0,0.0,31.0,0.0,15.5,21.920310216782973,0.0,0.0,0.0,0.0,164.3367950084024,21.204747743019663,62879.0,108823.02306038002,188537.0,25.0,188537.0,188537.0,0.0,188537.0,188537.0,188637.0,188637.0,0.0,188637.0,188637.0,0,0,0,0,40,40,10.602373871509831,10.602373871509831,0.0,31.0,6.2,13.863621460498695,192.2,0,0,0,0,1,0,0,0,1.0,7.75,15.5,0.0,0,0,0,0,0,0,2,31,2,0,-1,0,1,0,0,0,0,0,0,0,0,0,No Label
10.0.3.130-10.0.3.2-37995-53-17,10.0.3.130,37995,10.0.3.2,53,17,17/05/2022 05:20:07 PM,10352,0,2,0.0,164.0,0,0,0,0,106.0,58.0,82.0,33.94112549695428,15842.349304482226,193.19938176197837,10352.0,0.0,10352.0,10352.0,0,0,0,0,0,10352.0,10352.0,0.0,10352.0,10352.0,0,0,0,0,0,16,0.0,193.19938176197837,58.0,106.0,74.0,27.712812921102035,768.0,0,0,0,0,0,0,0,0,0.0,111.0,0.0,82.0,0,0,0,0,0,0,0,0,2,164,-1,-1,0,0,0,0,0,0,0,0,0,0,No Label
10.0.3.131-10.0.3.2-55265-53-17,10.0.3.131,55265,10.0.3.2,53,17,17/05/2022 05:19:55 PM,14543,1,3,39.0,161.0,39.0,39.0,39.0,0.0,67.0,39.0,53.666666666666664,14.047538337136986,13752.32070411882,275.0464140823764,4847.666666666667,5070.12034702662,10144.0,39.0,0,0,0,0,0,14543.0,7271.5,4117.482786849267,10183.0,4360.0,0,0,0,0,8,24,68.7616035205941,206.2848105617823,39.0,67.0,47.8,12.77497553813705,163.2,0,0,0,0,0,0,0,0,3.0,59.75,39.0,53.666666666666664,0,0,0,0,0,0,1,39,3,161,-1,-1,1,0,0,0,0,0,0,0,0,0,No Label
142.250.203.225-10.0.3.131-443-52392-6,142.250.203.225,443,10.0.3.131,52392,6,17/05/2022 05:20:11 PM,65896,2,2,31.0,0.0,31.0,0.0,15.5,21.920310216782973,0.0,0.0,0.0,0.0,470.43826635911137,60.70171178827243,21965.333333333336,37904.814276465375,65734.0,28.0,65734.0,65734.0,0.0,65734.0,65734.0,65896.0,65896.0,0.0,65896.0,65896.0,0,0,0,0,40,40,30.350855894136217,30.350855894136217,0.0,31.0,6.2,13.863621460498695,192.2,0,0,0,0,1,0,0,0,1.0,7.75,15.5,0.0,0,0,0,0,0,0,2,31,2,0,-1,0,1,0,0,0,0,0,0,0,0,0,No Label
10.0.3.131-10.0.3.2-46418-53-17,10.0.3.131,46418,10.0.3.2,53,17,17/05/2022 05:19:54 PM,10565,0,2,0.0,126.0,0,0,0,0,91.0,35.0,63.0,39.59797974644666,11926.17132039754,189.30430667297682,10565.0,0.0,10565.0,10565.0,0,0,0,0,0,10565.0,10565.0,0.0,10565.0,10565.0,0,0,0,0,0,16,0.0,189.30430667297682,35.0,91.0,53.66666666666667,32.331615074619044,1045.3333333333335,0,0,0,0,0,0,0,0,0.0,80.5,0.0,63.0,0,0,0,0,0,0,0,0,2,126,-1,-1,0,0,0,0,0,0,0,0,0,0,No Label
10.0.3.131-10.0.3.2-45682-53-17,10.0.3.131,45682,10.0.3.2,53,17,17/05/2022 05:20:11 PM,13691,1,3,30.0,134.0,30.0,30.0,30.0,0.0,58.0,30.0,44.666666666666664,14.047538337136986,11978.672120371046,292.16273464319625,4563.666666666667,5512.900355832067,10726.0,100.0,0,0,0,0,0,13691.0,6845.5,5629.277085026105,10826.0,2865.0,0,0,0,0,8,24,73.04068366079906,219.12205098239718,30.0,58.0,38.8,12.77497553813705,163.2,0,0,0,0,0,0,0,0,3.0,48.5,30.0,44.666666666666664,0,0,0,0,0,0,1,30,3,134,-1,-1,1,0,0,0,0,0,0,0,0,0,No Label
10.0.3.131-10.0.3.2-45116-53-17,10.0.3.131,45116,10.0.3.2,53,17,17/05/2022 05:19:54 PM,13850,1,3,37.0,155.0,37.0,37.0,37.0,0.0,65.0,37.0,51.666666666666664,14.047538337136986,13862.815884476535,288.8086642599278,4616.666666666667,5475.356822466763,10733.0,172.0,0,0,0,0,0,13850.0,6925.0,5628.569978244918,10905.0,2945.0,0,0,0,0,8,24,72.20216606498195,216.60649819494586,37.0,65.0,45.8,12.77497553813705,163.2,0,0,0,0,0,0,0,0,3.0,57.25,37.0,51.666666666666664,0,0,0,0,0,0,1,37,3,155,-1,-1,1,0,0,0,0,0,0,0,0,0,No Label
10.0.3.131-10.0.3.2-58891-53-17,10.0.3.131,58891,10.0.3.2,53,17,17/05/2022 05:19:55 PM,15105,1,3,51.0,257.0,51.0,51.0,51.0,0.0,109.0,51.0,85.66666666666667,30.615900008546756,20390.59913935783,264.81297583581596,5035.0,5353.088174129023,10683.0,36.0,0,0,0,0,0,15105.0,7552.5,4478.107245254406,10719.0,4386.0,0,0,0,0,8,24,66.20324395895399,198.60973187686196,51.0,109.0,71.8,28.79583303188154,829.2,0,0,0,0,0,0,0,0,3.0,89.75,51.0,85.66666666666667,0,0,0,0,0,0,1,51,3,257,-1,-1,1,0,0,0,0,0,0,0,0,0,No Label
10.0.3.131-104.26.15.143-58732-443-6,10.0.3.131,58732,104.26.15.143,443,6,17/05/2022 05:20:31 PM,45909377,319,404,7110.0,2887682.0,517.0,0.0,22.288401253918497,51.071889986635945,64239.0,0.0,7147.727722772279,8947.871338144836,63054.48231196864,15.748416712341795,63586.3947368421,1536746.4258891041,4.1250706E7,-2.0,4.5817396E7,144079.86163522012,2315103.191384164,4.1250706E7,9.0,4.5908861E7,113917.76923076923,2056672.7806691146,4.125093E7,0.0,0,0,0,0,6380,8104,6.94847155081194,8.799945161529855,0.0,64239.0,3998.3314917127077,7560.99845493081,5.716869763546609E7,0,1,0,0,0,0,0,0,1.0,4003.8616874135546,22.288401253918494,7147.727722772277,0,0,0,0,0,0,319,7110,404,2887682,-1,64240,70,0,4657998.0,0.0,4657998.0,4657998.0,4.1250706E7,0.0,4.1250706E7,4.1250706E7,No Label
10.0.3.131-84.235.64.206-44434-443-6,10.0.3.131,44434,84.235.64.206,443,6,17/05/2022 05:20:10 PM,66481494,27,26,2154.0,71906.0,1549.0,0.0,79.77777777777779,310.05710805658083,11296.0,0.0,2765.6153846153848,3362.869763483838,1113.994219203317,0.7972143345635404,1278490.2692307692,3304426.7666543988,1.024161E7,0.0,6.6474433E7,2556708.961538461,4344793.26208457,1.0241669E7,23.0,6.2427671E7,2497106.8400000003,4518756.138219737,1.1028536E7,0.0,0,0,0,0,540,544,0.40612805723048284,0.39108627733305756,0.0,11296.0,1371.4814814814815,2687.097436217389,7220492.631726065,0,1,0,0,0,0,0,0,0.0,1397.3584905660377,79.77777777777777,2765.6153846153848,0,0,0,0,0,0,27,2154,26,71906,-1,64240,4,0,203925.8333333333,409659.06881084264,1024219.0,66.0,1.0200666166666666E7,96234.36009745514,1.024161E7,1.0004242E7,No Label
142.251.37.206-10.0.3.131-443-35580-6,10.0.3.131,35580,142.251.37.206,443,6,17/05/2022 05:20:26 PM,50117429,15,14,1207.0,7816.0,517.0,0.0,80.46666666666665,149.3006873329632,6671.0,0.0,558.2857142857142,1769.4914709978302,180.03716830725693,0.5786410152843235,1789908.1785714286,9412207.267268507,4.9815722E7,0.0,5.0049966E7,3574997.5714285714,1.3309067478056319E7,4.9815858E7,17.0,5.0116695E7,3855130.3846153845,1.3809543362374052E7,4.9815945E7,0.0,0,0,0,0,300,304,0.29929707687120183,0.2793439384131217,0.0,6671.0,300.76666666666665,1214.3287824778024,1474594.391954022,0,1,0,0,0,0,0,0,0.0,311.13793103448273,80.46666666666667,558.2857142857143,0,0,0,0,0,0,15,1207,14,7816,-1,64240,8,0,300750.0,0.0,300750.0,300750.0,4.9815722E7,0.0,4.9815722E7,4.9815722E7,No Label
142.250.200.194-10.0.3.131-443-58662-6,10.0.3.131,58662,142.250.200.194,443,6,17/05/2022 05:20:10 PM,66277916,26,27,2414.0,20133.0,1200.0,0.0,92.84615384615385,251.9745530497383,4535.0,0.0,745.6666666666664,1269.2240815674627,340.1887289274454,0.7996630431168052,1274575.3076923075,8145502.778008863,5.8544582E7,5.0,6.6213247E7,2648529.8799999994,1.171350856025614E7,5.8544843E7,82.0,6.6277899E7,2549149.961538461,1.1488957106930776E7,5.8544814E7,117.0,0,0,0,0,520,564,0.39228753058560256,0.4073755125312027,0.0,4535.0,417.5370370370372,964.4030652104345,930073.2721872817,0,1,0,0,0,0,0,0,1.0,425.41509433962267,92.84615384615384,745.6666666666666,0,0,0,0,0,0,26,2414,27,20133,-1,64240,11,0,691331.0,827009.463858788,1276115.0,106547.0,3.24459515E7,3.690903721246411E7,5.8544582E7,6347321.0,No Label
142.250.203.225-10.0.3.131-443-52386-6,10.0.3.131,52386,142.250.203.225,443,6,17/05/2022 05:20:10 PM,66501801,24,23,1295.0,17328.0,517.0,0.0,53.95833333333333,115.86854589376803,4601.0,0.0,753.3913043478262,1370.8031069788128,280.0375286076839,0.7067477766504399,1445691.3260869565,8615060.775695903,5.8265293E7,6.0,6.6436944E7,2888562.7826086953,1.2143322805901626E7,5.8265498E7,36.0,6.6500443E7,3022747.4090909087,1.2412611044237113E7,5.8265446E7,277.0,0,0,0,0,480,484,0.36089248169384164,0.3458552949565982,0.0,4601.0,387.97916666666674,1005.8162449998874,1011666.3187056736,0,1,0,0,0,0,0,0,0.0,396.2340425531915,53.958333333333336,753.3913043478261,0,0,0,0,0,0,24,1295,23,17328,-1,64240,11,0,942449.5,1182356.7843559321,1778502.0,106397.0,3.23076075E7,3.6709710881915435E7,5.8265293E7,6349922.0,No Label
10.0.3.131-84.235.77.12-51172-443-6,10.0.3.131,51172,84.235.77.12,443,6,17/05/2022 05:20:10 PM,66516004,49,48,3997.0,263272.0,1701.0,0.0,81.57142857142857,344.56500354311476,21180.0,0.0,5484.833333333332,5198.933582684349,4018.115700395953,1.458295660695432,692875.0416666667,2457994.826777713,1.024001E7,0.0,6.6509338E7,1385611.2083333333,3351431.1512153423,1.0240147E7,13.0,6.2204612E7,1323502.3829787236,3489747.546584202,1.1048679E7,0.0,0,0,0,0,980,984,0.7366648182894451,0.7216308424059871,0.0,21180.0,2727.234693877551,4531.085511599081,2.0530735913423106E7,0,1,0,0,0,0,0,0,0.0,2755.3505154639174,81.57142857142857,5484.833333333333,0,0,0,0,0,0,49,3997,48,263272,-1,64240,5,0,380163.5,505182.18706037133,1024169.0,110.0,9987250.166666666,418304.06431275187,1.024001E7,9161922.0,No Label
10.0.3.131-84.235.77.12-51174-443-6,10.0.3.131,51174,84.235.77.12,443,6,17/05/2022 05:20:10 PM,66515948,24,23,2170.0,72297.0,1565.0,0.0,90.4166666666667,331.3333952993265,11296.0,0.0,3143.347826086957,3862.200169106342,1119.5360246538169,0.7065974614088039,1445998.8695652175,3494274.454847858,1.0241573E7,0.0,6.6509259E7,2891706.9130434785,4539316.974159929,1.0241678E7,17.0,6.2460694E7,2839122.454545455,4744626.558935746,1.121529E7,0.0,0,0,0,0,480,484,0.3608157249747084,0.3457817364340955,0.0,11296.0,1551.3958333333323,3068.7615960838816,9417297.733599292,0,1,0,0,0,0,0,0,0.0,1584.404255319149,90.41666666666667,3143.3478260869565,0,0,0,0,0,0,24,2170,23,72297,-1,64240,4,0,178322.5,414776.50225717947,1024180.0,103.0,1.0231763666666666E7,19952.61117414638,1.0241573E7,1.01911E7,No Label
172.217.18.35-10.0.3.131-80-34994-6,10.0.3.131,34994,172.217.18.35,80,6,17/05/2022 05:19:55 PM,81124545,17,15,1122.0,2106.0,374.0,0.0,66.0,146.96428137476127,702.0,0.0,140.39999999999998,290.6556135949996,39.790670012386514,0.394455216975331,2616920.806451613,4243807.766834807,1.0240197E7,13.0,8.1047197E7,5065449.8125,4775365.318680045,1.024033E7,115.0,7.7580962E7,5541497.285714286,5198677.439250523,1.1166614E7,251.0,0,0,0,0,340,324,0.20955433401814458,0.1849008829571864,0.0,702.0,97.81818181818181,222.36533207559785,49446.340909090904,0,1,0,0,0,0,0,0,0.0,100.875,66.0,140.4,0,0,0,0,0,0,17,1122,15,2106,-1,64240,3,0,889748.7142857143,1626465.3950718527,4449560.0,110.0,1.0193226857142858E7,89353.0114199263,1.0240197E7,1.0006632E7,No Label
172.217.18.35-10.0.3.131-80-34992-6,10.0.3.131,34992,172.217.18.35,80,6,17/05/2022 05:19:55 PM,81125630,14,13,748.0,1404.0,374.0,0.0,53.428571428571416,135.81305833087924,702.0,0.0,108.0,263.6247332857826,26.52675855953291,0.3328171380610542,3120216.538461538,4645848.263910066,1.0249085E7,10.0,8.104431E7,6234177.692307692,4894644.641739963,1.0249222E7,102.0,7.3229694E7,6102474.5,5257036.419884245,1.1025775E7,364.0,0,0,0,0,280,284,0.17257184936499106,0.16024528869606314,0.0,702.0,76.85714285714285,201.8400015938026,40739.38624338624,0,1,0,0,0,0,0,0,0.0,79.70370370370371,53.42857142857143,108.0,0,0,0,0,0,0,14,748,13,1404,-1,64240,2,0,255579.42857142855,442726.30876982264,1024300.0,71.0,1.0205791571428573E7,90253.17452377528,1.0249085E7,1.0001465E7,No Label
216.239.38.120-10.0.3.131-443-44790-6,10.0.3.131,44790,216.239.38.120,443,6,17/05/2022 05:19:54 PM,82196752,23,24,2263.0,1991.0,651.0,0.0,98.39130434782608,194.51775780829573,762.0,0.0,82.95833333333333,178.0130623362197,51.7538697879449,0.5717987494201717,1786885.9130434783,8959935.940378953,5.8380613E7,0.0,8.2114905E7,3732495.6818181816,1.2823017916595833E7,5.8380791E7,20.0,8.2195059E7,3573698.217391304,1.2554127409886757E7,5.838083E7,0.0,0,0,0,0,460,504,0.2798164092907223,0.2919823401294494,0.0,762.0,88.625,182.88906357261519,33448.40957446808,0,1,0,0,0,0,0,0,1.0,90.51063829787235,98.3913043478261,82.95833333333333,0,0,0,0,0,0,23,2263,24,1991,-1,64240,13,0,2738190.0,3702174.9326278465,5356023.0,120357.0,3.8359229E7,2.8314512790279686E7,5.8380613E7,1.8337845E7,No Label
142.250.200.225-10.0.3.131-443-57744-6,10.0.3.131,57744,142.250.200.225,443,6,17/05/2022 05:19:54 PM,82210037,71,79,3471.0,57502.0,517.0,0.0,48.88732394366199,84.69871803647406,7493.0,0.0,727.8734177215189,1162.596865190591,741.6734285133577,1.8245947267971672,551745.2147651007,4868403.669873641,5.8425022E7,0.0,8.2142675E7,1173466.7857142854,7078020.083890512,5.8425125E7,20.0,8.2208239E7,1053951.782051282,6710766.051875706,5.8425261E7,0.0,0,0,0,0,1420,1604,0.8636415040173258,0.9609532227798413,0.0,7493.0,403.79470198675483,906.7624335541681,822218.1109050771,0,1,0,0,0,0,0,0,1.0,406.4866666666667,48.88732394366197,727.873417721519,0,0,0,0,0,0,71,3471,79,57502,-1,64240,30,0,897168.25,900415.7270025793,1966118.0,110294.0,1.965484875E7,2.5855180636803493E7,5.8425022E7,6189274.0,No Label
142.250.201.6-10.0.3.131-443-46304-6,10.0.3.131,46304,142.250.201.6,443,6,17/05/2022 05:19:55 PM,81050820,15,14,1199.0,5861.0,517.0,0.0,79.93333333333332,143.10858348354466,4534.0,0.0,418.6428571428572,1206.9374852934984,87.10584297604885,0.35780020485912417,2894672.142857143,1.1672868519296635E7,5.8784795E7,8.0,8.0984459E7,5784604.214285715,1.6279001079274813E7,5.8784965E7,30.0,8.104519E7,6234245.384615384,1.6853043274676148E7,5.8785002E7,51.0,0,0,0,0,300,304,0.18506907147885734,0.17273113338026685,0.0,4534.0,235.33333333333323,832.7736925410801,693512.0229885054,0,1,0,0,0,0,0,0,0.0,243.44827586206895,79.93333333333334,418.64285714285717,0,0,0,0,0,0,15,1199,14,5861,-1,64240,9,0,434610.0,521653.88568475173,803475.0,65745.0,4.00878975E7,2.6441406018799614E7,5.8784795E7,2.1391E7,No Label
10.0.3.131-84.235.64.145-37204-443-6,10.0.3.131,37204,84.235.64.145,443,6,17/05/2022 05:19:56 PM,80752043,27,25,1914.0,72263.0,1309.0,0.0,70.88888888888889,266.7295278472952,15532.0,0.0,2890.5199999999995,4246.457652365479,918.577378902971,0.6439465562499762,1583373.3921568627,3643417.073203561,1.0243783E7,1.0,8.055367E7,3098218.076923077,4656626.331204409,1.024384E7,20.0,7.2859763E7,3035823.4583333335,4796522.449247897,1.105096E7,1.0,0,0,0,0,540,524,0.33435686574518,0.3095896905047963,0.0,15532.0,1399.566037735849,3221.9951446116906,1.0381252711901309E7,0,1,0,0,0,0,0,0,0.0,1426.4807692307693,70.88888888888889,2890.52,0,0,0,0,0,0,27,1914,25,72263,-1,64240,4,0,183657.99999999997,377414.47372541047,1045156.0,57.0,9910344.875,819397.5788407756,1.0243783E7,7892260.0,No Label
10.0.3.131-84.235.64.145-37202-443-6,10.0.3.131,37202,84.235.64.145,443,6,17/05/2022 05:19:56 PM,80752875,133,135,10741.0,1407174.0,1625.0,0.0,80.75939849624054,327.60141040081794,28240.0,0.0,10423.511111111111,8435.938819961255,17558.693730718565,3.3187672884711534,302445.22471910116,1647730.2420703769,1.0243797E7,0.0,8.0554047E7,610257.9318181819,2307362.728506041,1.0243967E7,9.0,7.5160529E7,560899.4701492537,2283894.406817521,1.104724E7,0.0,0,0,0,0,2660,2724,1.6470001842039679,1.6717671042671856,0.0,28240.0,5271.059479553906,7904.498081587604,6.2481089921822116E7,0,1,0,0,0,0,0,0,1.0,5290.727611940299,80.7593984962406,10423.511111111111,0,0,0,0,0,0,133,10741,135,1407174,-1,64240,10,0,616380.875,1366409.817590445,3880587.0,68.0,9477725.875,1626499.5947822114,1.0243797E7,5592325.0,No Label
142.250.203.234-10.0.3.131-443-57308-6,10.0.3.131,57308,142.250.203.234,443,6,17/05/2022 05:19:55 PM,81060810,39,45,3186.0,29837.0,1361.0,0.0,81.6923076923077,233.95874060973296,3269.0,0.0,663.0444444444446,877.5094652573052,407.38551711980176,1.0362590751313736,976636.265060241,6760152.991000157,5.8722068E7,0.0,8.0993824E7,2131416.421052632,9937549.046937698,5.8722239E7,21.0,8.1055346E7,1842166.9545454546,9249734.807063602,5.8722313E7,0.0,0,0,0,0,780,924,0.4811202848824234,0.5551387902489501,0.0,3269.0,388.5058823529412,716.9287940920768,513986.8957983194,0,1,0,0,0,0,0,0,1.0,393.1309523809524,81.6923076923077,663.0444444444445,0,0,0,0,0,0,39,3186,45,29837,-1,64240,17,0,1493245.5,1957607.4460454271,2877483.0,109008.0,3.90343365E7,2.784265689966E7,5.8722068E7,1.9346605E7,No Label
10.0.3.131-84.235.64.145-37194-443-6,10.0.3.131,37194,84.235.64.145,443,6,17/05/2022 05:19:55 PM,81085234,17,15,951.0,5551.0,517.0,0.0,55.94117647058823,145.44692785868463,3557.0,0.0,370.0666666666666,961.043961137104,80.18722619706567,0.39464645313843455,2615652.709677419,4400716.2110036,1.0249025E7,7.0,8.1078742E7,5067421.375,5047969.966002121,1.0249099E7,21.0,7.3188538E7,5227752.714285714,5324943.869607113,1.1027778E7,156.0,0,0,0,0,340,324,0.20965592822979334,0.1849905249086412,0.0,3557.0,197.03030303030297,663.685330411205,440478.21780303033,0,1,0,0,0,0,0,0,0.0,203.1875,55.94117647058823,370.06666666666666,0,0,0,0,0,0,17,951,15,5551,-1,64240,4,0,218249.62500000003,412032.4446451613,1024395.0,45.0,9917402.0,820694.1716418224,1.0249025E7,7896675.0,No Label
142.250.201.45-10.0.3.131-443-58166-6,10.0.3.131,58166,142.250.201.45,443,6,17/05/2022 05:19:54 PM,82282778,180,190,1634.0,292265.0,715.0,0.0,9.07777777777778,66.95620644590252,4318.0,0.0,1538.2368421052631,689.115238065369,3571.8166929171985,4.4966882377257615,222988.55826558263,3252773.443248761,5.876637E7,0.0,8.2205664E7,459249.5195530726,4665331.357438653,5.876637E7,31.0,8.2276935E7,435327.6984126984,4540715.504538513,5.8766565E7,0.0,0,0,0,0,3600,3824,2.1875780615963163,2.309110176129445,0.0,4318.0,792.1805929919138,911.3715605350432,830598.1213520798,0,1,0,0,0,0,0,0,1.0,794.3216216216216,9.077777777777778,1538.2368421052631,0,0,0,0,0,0,180,1634,190,292265,-1,64240,9,0,1065441.0,1397029.4533766995,2053290.0,77592.0,4.0072901E7,2.6436557387601018E7,5.876637E7,2.1379432E7,No Label
142.251.37.42-10.0.3.131-443-44594-6,10.0.3.131,44594,142.251.37.42,443,6,17/05/2022 05:19:47 PM,89953634,18,17,1188.0,7497.0,517.0,0.0,65.99999999999999,132.4435506834782,3270.0,0.0,441.00000000000006,892.0138031443234,96.54974028064281,0.38908933906994797,2645695.1176470583,1.1189888726395663E7,5.8196024E7,4.0,8.9888721E7,5287571.823529412,1.5602003539478408E7,5.8196136E7,22.0,8.9949378E7,5621836.125,1.6056235742190916E7,5.8196308E7,48.0,0,0,0,0,360,364,0.20010308866454468,0.18898625040540332,0.0,3270.0,241.25,639.6103445513861,409101.3928571428,0,1,0,0,0,0,0,0,0.0,248.14285714285714,66.0,441.0,0,0,0,0,0,0,18,1188,17,7497,-1,64240,9,0,198307.0,130906.67840106554,290872.0,105742.0,4.47763195E7,1.8978328106939252E7,5.8196024E7,3.1356615E7,No Label
142.250.201.54-10.0.3.131-443-54360-6,10.0.3.131,54360,142.250.201.54,443,6,17/05/2022 05:19:46 PM,89971058,365,397,6649.0,679954.0,517.0,0.0,18.21643835616438,52.731694427260294,12708.0,0.0,1712.7304785894196,1649.6146168864648,7631.376303255209,8.469390234357364,118227.40867279896,1838145.7105194333,4.6006858E7,0.0,8.9904579E7,246990.6016483516,2653719.118620704,4.6007075E7,20.0,8.9964769E7,227183.76010101003,2545717.745341959,4.6007006E7,0.0,0,0,0,0,7300,7964,4.0568601516278715,4.412530082729493,0.0,12708.0,899.8728702490174,1460.5315964347608,2133152.544184271,0,1,0,0,0,0,0,0,1.0,901.0538057742782,18.216438356164385,1712.7304785894207,0,0,0,0,0,0,365,6649,397,679954,-1,64240,55,0,2950602.25,3584961.814870778,7890108.0,73826.0,1.9540553E7,1.853100404858873E7,4.6006858E7,6250792.0,No Label
172.217.19.142-10.0.3.131-443-43578-6,10.0.3.131,43578,172.217.19.142,443,6,17/05/2022 05:19:46 PM,90399934,518,794,246989.0,700487.0,16031.0,0.0,476.81274131274137,1788.324753844927,12708.0,0.0,882.2254408060465,1182.7987310364163,10480.936855551245,14.513284932265547,68954.9458428681,1301633.746139479,4.5622567E7,0.0,9.0324362E7,174708.6305609284,2069497.6344812724,4.5622567E7,4.0,9.0396542E7,113993.11727616648,1672559.4880369038,4.5622815E7,0.0,0,0,0,0,10360,15904,5.730092679049965,8.783192253215583,0.0,16031.0,721.6115765422701,1464.749153871858,2145490.083768324,0,1,0,0,0,0,0,0,1.0,722.1615853658536,476.8127413127413,882.2254408060453,0,0,0,0,0,0,518,246989,794,700487,-1,64240,206,0,1.0566042333333334E7,1.3967743636161294E7,2.6583694E7,921983.0,1.9566084666666664E7,2.2575233204132672E7,4.5622567E7,5877578.0,No Label
216.58.205.202-10.0.3.131-443-60552-6,10.0.3.131,60552,216.58.205.202,443,6,17/05/2022 05:19:45 PM,91284011,21,22,1641.0,6879.0,517.0,0.0,78.14285714285714,145.29393852266713,4683.0,0.0,312.68181818181824,992.6653100360251,93.33507485774261,0.47105730268579016,2173428.833333333,9659240.115206616,5.8795901E7,4.0,9.1200712E7,4560035.600000001,1.3780001482837936E7,5.8796061E7,22.0,9.1280076E7,4346670.285714285,1.3470148103298979E7,5.87961E7,47.0,0,0,0,0,420,464,0.23005124084654868,0.24100606183924148,0.0,4683.0,193.63636363636348,711.1188070334673,505689.95771670167,0,1,0,0,0,0,0,0,1.0,198.13953488372093,78.14285714285714,312.6818181818182,0,0,0,0,0,0,21,1641,22,6879,-1,64240,11,0,194830.66666666666,143286.87138162146,359495.0,98521.0,3.0231698666666668E7,2.5316230282472674E7,5.8795901E7,1.0566636E7,No Label
10.0.3.131-74.125.200.94-55378-443-6,10.0.3.131,55378,74.125.200.94,443,6,17/05/2022 05:19:44 PM,92652884,17,16,1586.0,8262.0,663.0,0.0,93.29411764705883,193.32445677729265,6671.0,0.0,516.3750000000001,1659.7920703108164,106.28919009148166,0.35616808215057827,2895402.625,1.1643771115815178E7,5.8679369E7,4.0,9.2279985E7,5767499.0625,1.620463260070755E7,5.8679511E7,19.0,9.2649749E7,6176649.933333334,1.6693913311275026E7,5.8679458E7,104.0,0,0,0,0,340,344,0.1834805271684797,0.17268755498209856,0.0,6671.0,289.64705882352945,1147.9025109686174,1317680.174688057,0,1,0,0,0,0,0,0,0.0,298.42424242424244,93.29411764705883,516.375,0,0,0,0,0,0,17,1586,16,8262,-1,64240,9,0,960066.0,771213.08196892,1505396.0,414736.0,4.5364671E7,1.8829826490501925E7,5.8679369E7,3.2049973E7,No Label
172.217.18.35-10.0.3.131-443-44190-6,10.0.3.131,44190,172.217.18.35,443,6,17/05/2022 05:19:43 PM,93087176,28,27,1439.0,21889.0,517.0,0.0,51.392857142857146,116.60421798028426,4339.0,0.0,810.7037037037036,1243.974857982848,250.60379960393254,0.5908440062678451,1723836.5925925924,8616634.110441353,5.8643655E7,0.0,9.3009996E7,3444814.666666666,1.204978766464632E7,5.8643726E7,31.0,9.3080259E7,3580009.961538462,1.2270780392547514E7,5.8644473E7,0.0,0,0,0,0,560,564,0.30079331228181205,0.29005069398603306,0.0,4339.0,416.57142857142844,941.0157540395642,885510.6493506494,0,1,0,0,0,0,0,0,0.0,424.1454545454545,51.392857142857146,810.7037037037037,0,0,0,0,0,0,28,1439,27,21889,-1,64240,12,0,177693.66666666666,122121.28545971555,318350.0,98679.0,3.0848999333333332E7,2.4904872800618242E7,5.8643655E7,1.0560621E7,No Label
142.251.37.46-10.0.3.131-443-46296-6,10.0.3.131,46296,142.251.37.46,443,6,17/05/2022 05:19:42 PM,94815049,34,39,2163.0,18152.0,517.0,0.0,63.61764705882353,102.3751315404882,3206.0,0.0,465.43589743589746,778.5104128320887,214.25923642142504,0.7699199733578158,1316875.6805555555,7817492.93358084,5.8320993E7,0.0,9.4748724E7,2871173.4545454546,1.1445321607909573E7,5.8320993E7,20.0,9.480995E7,2494998.6842105268,1.0694938418835955E7,5.8361849E7,0.0,0,0,0,0,680,804,0.35859286430364024,0.4113271090541756,0.0,3206.0,274.52702702702703,601.2091064434173,361452.3896704924,0,1,0,0,0,0,0,0,1.0,278.28767123287673,63.61764705882353,465.43589743589746,0,0,0,0,0,0,34,2163,39,18152,-1,64240,18,0,2044572.5,2801297.558872406,4025389.0,63756.0,4.53603365E7,1.832913619955901E7,5.8320993E7,3.239968E7,No Label
216.58.212.98-10.0.3.131-443-39198-6,10.0.3.131,39198,216.58.212.98,443,6,17/05/2022 05:19:42 PM,94841087,26,29,1886.0,6635.0,517.0,0.0,72.53846153846153,135.29411835530198,3122.0,0.0,228.79310344827593,631.7296200178378,89.8450267656675,0.5799174359948025,1756316.4259259258,8592673.358301597,5.8739249E7,0.0,9.4776133E7,3791045.3200000003,1.245075599872181E7,5.8739497E7,33.0,9.4834715E7,3386954.1071428573,1.1801260719689086E7,5.8739406E7,0.0,0,0,0,0,520,604,0.2741427879248157,0.3057746480699868,0.0,3122.0,152.1607142857143,466.9087034289062,218003.7373376623,0,1,0,0,0,0,0,0,1.0,154.92727272727274,72.53846153846153,228.79310344827587,0,0,0,0,0,0,26,1886,29,6635,-1,64240,13,0,258956.0,275589.67916270014,577011.0,90960.0,3.1352571333333332E7,2.3777550560254402E7,5.8739249E7,1.5971238E7,No Label
142.251.37.162-10.0.3.131-443-38324-6,10.0.3.131,38324,142.251.37.162,443,6,17/05/2022 05:19:41 PM,95155677,21,22,1557.0,6098.0,517.0,0.0,74.14285714285715,141.77280617744918,2894.0,0.0,277.1818181818182,679.3033291446562,80.44711825233507,0.4518910626845732,2265611.357142857,1.0478316226101696E7,5.8879544E7,0.0,9.5089929E7,4754496.45,1.4982636046577552E7,5.8879765E7,20.0,9.5151436E7,4531020.761904761,1.4644460369875884E7,5.8879766E7,0.0,0,0,0,0,420,464,0.22069098410176832,0.2312000785828049,0.0,2894.0,173.9772727272728,495.71191411649596,245730.30179704024,0,1,0,0,0,0,0,0,1.0,178.02325581395348,74.14285714285714,277.1818181818182,0,0,0,0,0,0,21,1557,22,6098,-1,64240,11,0,457038.5,493357.5936220096,805895.0,108182.0,4.71186285E7,1.663244620602395E7,5.8879544E7,3.5357713E7,No Label
172.217.18.34-10.0.3.131-443-46266-6,10.0.3.131,46266,172.217.18.34,443,6,17/05/2022 05:19:40 PM,96421870,22,21,1639.0,8213.0,517.0,0.0,74.5,149.77403615033518,5259.0,0.0,391.0952380952381,1164.7608297312331,102.17598974174635,0.4459569182800541,2295758.8095238092,1.0484336534599861E7,5.8966146E7,0.0,9.6344824E7,4587848.761904761,1.4639233574825952E7,5.8966333E7,21.0,9.6416442E7,4820822.1,1.4984978976743333E7,5.8966458E7,0.0,0,0,0,0,440,444,0.22816400470142303,0.21779291357863106,0.0,5259.0,223.90909090909082,817.4357472276741,668201.200845666,0,1,0,0,0,0,0,0,0.0,229.11627906976744,74.5,391.0952380952381,0,0,0,0,0,0,22,1639,21,8213,-1,64240,11,0,1052929.0,1318563.2280819907,1985294.0,120564.0,4.71552545E7,1.6703122943017108E7,5.8966146E7,3.5344363E7,No Label
142.250.203.238-10.0.3.131-443-57582-6,10.0.3.131,57582,142.250.203.238,443,6,17/05/2022 05:19:39 PM,97071078,35,41,1523.0,43064.0,600.0,0.0,43.51428571428571,132.85471308883234,4311.0,0.0,1050.341463414634,872.9092624596243,459.3232188067387,0.7829314515287448,1294281.0399999998,7985970.528762894,5.8055386E7,5.0,9.7005633E7,2853106.8529411764,1.1765758921397347E7,5.8055577E7,20.0,9.7063324E7,2426583.1,1.0871700322224153E7,5.8055643E7,51.0,0,0,0,0,700,844,0.3605605368882377,0.422370914640507,0.0,4311.0,579.0519480519479,815.6279772456875,665248.9972658918,0,1,0,0,0,0,0,0,1.0,586.671052631579,43.51428571428571,1050.341463414634,0,0,0,0,0,0,35,1523,41,43064,-1,64240,9,0,303884.5,338945.2716007409,543555.0,64214.0,4.82276455E7,1.3898523902583342E7,5.8055386E7,3.8399905E7,No Label
172.217.18.35-10.0.3.131-80-34940-6,10.0.3.131,34940,172.217.18.35,80,6,17/05/2022 05:19:39 PM,97626330,23,21,2243.0,4211.0,374.0,0.0,97.52173913043478,167.84296490936165,702.0,0.0,200.52380952380955,324.88576747029396,66.1092145940547,0.4506980852399143,2270379.7674418604,3937677.5212117336,1.0240255E7,9.0,9.7546369E7,4433925.863636363,4579256.303778734,1.0240326E7,181.0,9.4080248E7,4704012.4,4915081.705441747,1.1166139E7,440.0,0,0,0,0,460,444,0.23559218092086429,0.21510590431905,0.0,702.0,143.4222222222222,255.3198963946004,65188.24949494947,0,1,0,0,0,0,0,0,0.0,146.6818181818182,97.52173913043478,200.52380952380952,0,0,0,0,0,0,23,2243,21,4211,-1,64240,6,0,808762.0000000001,1428852.491165288,4450147.0,52.0,9644589.999999998,1152553.530834794,1.0240255E7,7003414.0,No Label
172.217.18.35-10.0.3.131-80-34942-6,10.0.3.131,34942,172.217.18.35,80,6,17/05/2022 05:19:39 PM,97612714,21,19,1867.0,3507.0,374.0,0.0,88.90476190476188,162.9653045166071,702.0,0.0,184.57894736842104,317.3232343962845,55.05430368425162,0.40978268466134443,2502890.102564103,4183636.926702392,1.02402E7,8.0,9.7536113E7,4876805.65,4778072.6221036175,1.0240331E7,189.0,8.8178798E7,4898822.111111111,5027732.347965361,1.116881E7,414.0,0,0,0,0,420,404,0.21513590944720584,0.19464677521413862,0.0,702.0,131.07317073170728,247.61677954491515,61314.06951219511,0,1,0,0,0,0,0,0,0.0,134.35,88.9047619047619,184.57894736842104,0,0,0,0,0,0,21,1867,19,3507,-1,64240,5,0,1025241.3749999998,1886896.161217595,5466908.0,112.0,9997090.625,569916.1620571766,1.02402E7,8598888.0,No Label
142.251.37.227-10.0.3.131-443-56738-6,10.0.3.131,56738,142.251.37.227,443,6,17/05/2022 05:19:39 PM,97785816,80,109,2396.0,116838.0,517.0,0.0,29.949999999999992,77.8713479749968,4236.0,0.0,1071.9082568807341,763.8542320374765,1219.3383956626185,1.932795652081075,520137.3191489363,3887385.1130910767,4.5830198E7,0.0,9.7721707E7,1236983.6329113923,5944088.331434064,4.5830429E7,11.0,9.778031E7,905373.2407407407,5104765.877342404,4.583035E7,0.0,0,0,0,0,1600,2204,0.8181145617274391,1.1146810903536357,0.0,4236.0,627.5473684210526,776.57694513333,603071.7517126151,0,1,0,0,0,0,0,0,1.0,630.8677248677249,29.95,1071.908256880734,0,0,0,0,0,0,80,2396,109,116838,-1,64240,22,0,205440.4,249275.91395339422,648014.0,65554.0,1.93505912E7,1.5846254491465885E7,4.5830198E7,5344680.0,No Label
216.239.38.120-10.0.3.131-443-44734-6,10.0.3.131,44734,216.239.38.120,443,6,17/05/2022 05:19:38 PM,98275891,391,568,20467.0,1137386.0,1621.0,0.0,52.345268542199506,207.25895105316545,15532.0,0.0,2002.4401408450713,2258.5354348213223,11781.658636908212,9.758242741345382,102584.43736951982,1994028.0535262541,5.8052182E7,0.0,9.8210035E7,251820.6025641026,3121597.546996525,5.8052373E7,34.0,9.8270581E7,173316.721340388,2591072.2757622614,5.8052365E7,0.0,0,0,0,0,7820,11384,3.978595319985448,5.779647421359934,0.0,15532.0,1206.0968750000002,1988.2726464895457,3953228.1167785414,0,1,0,0,0,0,0,0,1.0,1207.354535974974,52.34526854219949,2002.4401408450703,0,0,0,0,0,0,391,20467,568,1137386,-1,64240,84,0,4384115.333333334,4132717.3612593366,8352182.0,104393.0,2.8372634E7,2.6354077487638474E7,5.8052182E7,7712145.0,No Label
10.0.3.131-54.192.111.39-41266-443-6,10.0.3.131,41266,54.192.111.39,443,6,17/05/2022 05:19:38 PM,98843216,19,18,1071.0,4770.0,517.0,0.0,56.36842105263157,154.33484899411113,2824.0,0.0,265.0,715.5352583083192,59.09358513790163,0.3743301917655128,2745644.8888888885,4474063.979599627,1.0240401E7,7.0,9.8777724E7,5487651.333333333,5029020.768940376,1.0240503E7,85.0,9.8843201E7,5814305.94117647,5110469.19136781,1.1063131E7,342.0,0,0,0,0,380,384,0.19222361198769575,0.18210657977781702,0.0,2824.0,153.71052631578954,508.2876876334066,258356.37339971552,0,1,0,0,0,0,0,0,0.0,157.86486486486487,56.36842105263158,265.0,0,0,0,0,0,0,19,1071,18,4770,-1,64240,4,0,129047.1,325409.5889621946,1024262.0,43.0,9755266.0,1463094.3916641574,1.0240401E7,5595109.0,No Label
172.217.18.35-10.0.3.131-80-34996-6,10.0.3.131,34996,172.217.18.35,80,6,17/05/2022 05:19:55 PM,81126607,17,15,1122.0,2106.0,374.0,0.0,66.0,146.96428137476127,702.0,0.0,140.39999999999998,290.6556135949996,39.789658650459764,0.39444519108262466,2616987.3225806453,4243247.756958761,1.0240242E7,8.0,8.1051112E7,5065694.5,4774134.066192765,1.0240325E7,196.0,7.7579549E7,5541396.357142858,5197917.630522017,1.1166614E7,457.0,0,0,0,0,340,324,0.20954900776264437,0.1848961833199803,0.0,702.0,97.81818181818181,222.36533207559785,49446.340909090904,0,1,0,0,0,0,0,0,0.0,100.875,66.0,140.4,0,0,0,0,0,0,17,1122,15,2106,-1,64240,3,0,886475.2857142858,1626809.072419862,4449551.0,65.0,1.0196304428571427E7,82019.53481916612,1.0240242E7,1.0027932E7,No Label
10.0.3.131-35.163.37.142-60926-443-6,10.0.3.131,60926,35.163.37.142,443,6,17/05/2022 05:21:16 PM,40222,2,2,31.0,35.0,31.0,0.0,15.5,21.920310216782973,35.0,0.0,17.5,24.748737341529164,1640.8930436079756,99.44806324896823,13407.333333333332,22986.931642420946,39950.0,17.0,17.0,17.0,0.0,17.0,17.0,255.0,255.0,0.0,255.0,255.0,0,1,0,0,40,40,49.72403162448411,49.72403162448411,0.0,35.0,20.2,18.512158166999328,342.69999999999993,0,0,0,1,1,0,0,0,1.0,25.25,15.5,17.5,0,0,0,0,0,0,2,31,2,35,-1,64240,1,0,0,0,0,0,0,0,0,0,No Label
10.0.3.131-84.235.64.206-44434-443-6,84.235.64.206,443,10.0.3.131,44434,6,17/05/2022 05:21:16 PM,6168,2,1,0.0,0.0,0.0,0.0,0.0,0.0,0.0,0.0,0.0,0.0,0.0,486.38132295719845,3084.0,4361.434626358625,6168.0,0.0,6168.0,6168.0,0.0,6168.0,6168.0,0,0,0,0,0,0,0,0,0,40,20,324.25421530479895,162.12710765239947,0.0,0.0,0.0,0.0,0.0,0,0,0,0,1,0,0,0,0.0,0.0,0.0,0.0,0,0,0,0,0,0,2,0,1,0,-1,64240,0,0,0,0,0,0,0,0,0,0,No Label
10.0.3.131-84.235.77.12-51172-443-6,84.235.77.12,443,10.0.3.131,51172,6,17/05/2022 05:21:16 PM,7774,2,1,0.0,0.0,0.0,0.0,0.0,0.0,0.0,0.0,0.0,0.0,0.0,385.90172369436584,3887.0,5345.7272657703,7667.0,107.0,7667.0,7667.0,0.0,7667.0,7667.0,0,0,0,0,0,0,0,0,0,40,20,257.2678157962439,128.63390789812195,0.0,0.0,0.0,0.0,0.0,0,0,0,0,1,0,0,0,0.0,0.0,0.0,0.0,0,0,0,0,0,0,2,0,1,0,-1,64240,0,0,0,0,0,0,0,0,0,0,No Label
10.0.3.131-84.235.77.12-51174-443-6,84.235.77.12,443,10.0.3.131,51174,6,17/05/2022 05:21:16 PM,8510,2,1,0.0,0.0,0.0,0.0,0.0,0.0,0.0,0.0,0.0,0.0,0.0,352.5264394829612,4255.0,6017.47870789752,8510.0,0.0,8510.0,8510.0,0.0,8510.0,8510.0,0,0,0,0,0,0,0,0,0,40,20,235.01762632197415,117.50881316098707,0.0,0.0,0.0,0.0,0.0,0,0,0,0,1,0,0,0,0.0,0.0,0.0,0.0,0,0,0,0,0,0,2,0,1,0,-1,64240,0,0,0,0,0,0,0,0,0,0,No Label
10.0.3.131-84.235.64.145-37202-443-6,84.235.64.145,443,10.0.3.131,37202,6,17/05/2022 05:21:16 PM,7862,2,1,0.0,0.0,0.0,0.0,0.0,0.0,0.0,0.0,0.0,0.0,0.0,381.58229458153147,3931.0,5481.491767758116,7807.0,55.0,7807.0,7807.0,0.0,7807.0,7807.0,0,0,0,0,0,0,0,0,0,40,20,254.38819638768763,127.19409819384381,0.0,0.0,0.0,0.0,0.0,0,0,0,0,1,0,0,0,0.0,0.0,0.0,0.0,0,0,0,0,0,0,2,0,1,0,-1,64240,0,0,0,0,0,0,0,0,0,0,No Label
10.0.3.131-84.235.64.145-37204-443-6,84.235.64.145,443,10.0.3.131,37204,6,17/05/2022 05:21:16 PM,7963,2,1,0.0,0.0,0.0,0.0,0.0,0.0,0.0,0.0,0.0,0.0,0.0,376.74243375612207,3981.5,5559.980620469823,7913.0,50.0,7913.0,7913.0,0.0,7913.0,7913.0,0,0,0,0,0,0,0,0,0,40,20,251.16162250408138,125.58081125204069,0.0,0.0,0.0,0.0,0.0,0,0,0,0,1,0,0,0,0.0,0.0,0.0,0.0,0,0,0,0,0,0,2,0,1,0,-1,64240,0,0,0,0,0,0,0,0,0,0,No Label
10.0.3.131-84.235.64.145-37194-443-6,84.235.64.145,443,10.0.3.131,37194,6,17/05/2022 05:21:16 PM,7642,2,1,0.0,0.0,0.0,0.0,0.0,0.0,0.0,0.0,0.0,0.0,0.0,392.56739073540956,3821.0,5403.710021827596,7642.0,0.0,7642.0,7642.0,0.0,7642.0,7642.0,0,0,0,0,0,0,0,0,0,40,20,261.7115938236064,130.8557969118032,0.0,0.0,0.0,0.0,0.0,0,0,0,0,1,0,0,0,0.0,0.0,0.0,0.0,0,0,0,0,0,0,2,0,1,0,-1,64240,0,0,0,0,0,0,0,0,0,0,No Label
142.250.200.194-10.0.3.131-443-58662-6,142.250.200.194,443,10.0.3.131,58662,6,17/05/2022 05:21:16 PM,64483,1,1,0.0,0.0,0.0,0.0,0.0,0.0,0.0,0.0,0.0,0.0,0.0,31.015926678349334,64483.0,0.0,64483.0,64483.0,0,0,0,0,0,0,0,0,0,0,0,0,0,0,20,20,15.507963339174667,15.507963339174667,0.0,0.0,0.0,0.0,0.0,0,0,0,0,1,0,0,0,1.0,0.0,0.0,0.0,0,0,0,0,0,0,1,0,1,0,-1,64239,0,0,0,0,0,0,0,0,0,0,No Label
142.250.203.225-10.0.3.131-443-52386-6,142.250.203.225,443,10.0.3.131,52386,6,17/05/2022 05:21:16 PM,66291,2,1,0.0,0.0,0.0,0.0,0.0,0.0,0.0,0.0,0.0,0.0,0.0,45.255011992578176,33145.5,46788.54860433266,66230.0,61.0,66230.0,66230.0,0.0,66230.0,66230.0,0,0,0,0,0,0,0,0,0,40,20,30.170007995052117,15.085003997526059,0.0,0.0,0.0,0.0,0.0,0,0,0,0,1,0,0,0,0.0,0.0,0.0,0.0,0,0,0,0,0,0,2,0,1,0,-1,64240,0,0,0,0,0,0,0,0,0,0,No Label
142.251.37.42-10.0.3.131-443-44594-6,142.251.37.42,443,10.0.3.131,44594,6,17/05/2022 05:21:16 PM,66089,2,1,0.0,0.0,0.0,0.0,0.0,0.0,0.0,0.0,0.0,0.0,0.0,45.39333323245926,33044.5,46649.9556752201,66031.0,58.0,66031.0,66031.0,0.0,66031.0,66031.0,0,0,0,0,0,0,0,0,0,40,20,30.262222154972843,15.131111077486421,0.0,0.0,0.0,0.0,0.0,0,0,0,0,1,0,0,0,0.0,0.0,0.0,0.0,0,0,0,0,0,0,2,0,1,0,-1,64240,0,0,0,0,0,0,0,0,0,0,No Label
142.250.200.225-10.0.3.131-443-57744-6,142.250.200.225,443,10.0.3.131,57744,6,17/05/2022 05:21:16 PM,67752,2,1,0.0,0.0,0.0,0.0,0.0,0.0,0.0,0.0,0.0,0.0,0.0,44.27913567127169,33876.0,47825.87425233333,67694.0,58.0,67694.0,67694.0,0.0,67694.0,67694.0,0,0,0,0,0,0,0,0,0,40,20,29.519423780847795,14.759711890423898,0.0,0.0,0.0,0.0,0.0,0,0,0,0,1,0,0,0,0.0,0.0,0.0,0.0,0,0,0,0,0,0,2,0,1,0,-1,64240,0,0,0,0,0,0,0,0,0,0,No Label
142.251.37.206-10.0.3.131-443-35580-6,142.251.37.206,443,10.0.3.131,35580,6,17/05/2022 05:21:16 PM,69119,2,1,0.0,0.0,0.0,0.0,0.0,0.0,0.0,0.0,0.0,0.0,0.0,43.40340572056888,34559.5,48874.51360883298,69119.0,0.0,69119.0,69119.0,0.0,69119.0,69119.0,0,0,0,0,0,0,0,0,0,40,20,28.935603813712582,14.467801906856291,0.0,0.0,0.0,0.0,0.0,0,0,0,0,1,0,0,0,0.0,0.0,0.0,0.0,0,0,0,0,0,0,2,0,1,0,-1,64240,0,0,0,0,0,0,0,0,0,0,No Label
142.250.203.234-10.0.3.131-443-57308-6,142.250.203.234,443,10.0.3.131,57308,6,17/05/2022 05:21:16 PM,67228,2,1,0.0,0.0,0.0,0.0,0.0,0.0,0.0,0.0,0.0,0.0,0.0,44.62426369964896,33614.0,47537.37468560922,67228.0,0.0,67228.0,67228.0,0.0,67228.0,67228.0,0,0,0,0,0,0,0,0,0,40,20,29.749509133099306,14.874754566549653,0.0,0.0,0.0,0.0,0.0,0,0,0,0,1,0,0,0,0.0,0.0,0.0,0.0,0,0,0,0,0,0,2,0,1,0,-1,64240,0,0,0,0,0,0,0,0,0,0,No Label
142.250.201.6-10.0.3.131-443-46304-6,142.250.201.6,443,10.0.3.131,46304,6,17/05/2022 05:21:16 PM,67544,2,1,0.0,0.0,0.0,0.0,0.0,0.0,0.0,0.0,0.0,0.0,0.0,44.415492123652726,33772.0,47683.038682533646,67489.0,55.0,67489.0,67489.0,0.0,67489.0,67489.0,0,0,0,0,0,0,0,0,0,40,20,29.61032808243515,14.805164041217575,0.0,0.0,0.0,0.0,0.0,0,0,0,0,1,0,0,0,0.0,0.0,0.0,0.0,0,0,0,0,0,0,2,0,1,0,-1,64240,0,0,0,0,0,0,0,0,0,0,No Label
142.251.37.162-10.0.3.131-443-38324-6,142.251.37.162,443,10.0.3.131,38324,6,17/05/2022 05:21:16 PM,65629,2,1,0.0,0.0,0.0,0.0,0.0,0.0,0.0,0.0,0.0,0.0,0.0,45.71149948955492,32814.5,46406.710942491925,65629.0,0.0,65629.0,65629.0,0.0,65629.0,65629.0,0,0,0,0,0,0,0,0,0,40,20,30.47433299303661,15.237166496518306,0.0,0.0,0.0,0.0,0.0,0,0,0,0,1,0,0,0,0.0,0.0,0.0,0.0,0,0,0,0,0,0,2,0,1,0,-1,64240,0,0,0,0,0,0,0,0,0,0,No Label
142.251.37.46-10.0.3.131-443-46296-6,142.251.37.46,443,10.0.3.131,46296,6,17/05/2022 05:21:16 PM,66954,2,1,0.0,0.0,0.0,0.0,0.0,0.0,0.0,0.0,0.0,0.0,0.0,44.806882337126986,33477.0,47343.627427564104,66954.0,0.0,66954.0,66954.0,0.0,66954.0,66954.0,0,0,0,0,0,0,0,0,0,40,20,29.871254891417987,14.935627445708993,0.0,0.0,0.0,0.0,0.0,0,0,0,0,1,0,0,0,0.0,0.0,0.0,0.0,0,0,0,0,0,0,2,0,1,0,-1,64240,0,0,0,0,0,0,0,0,0,0,No Label
216.239.38.120-10.0.3.131-443-44734-6,216.239.38.120,443,10.0.3.131,44734,6,17/05/2022 05:21:16 PM,66806,2,1,0.0,0.0,0.0,0.0,0.0,0.0,0.0,0.0,0.0,0.0,0.0,44.90614615453701,33403.0,47159.7796644556,66750.0,56.0,66750.0,66750.0,0.0,66750.0,66750.0,0,0,0,0,0,0,0,0,0,40,20,29.937430769691343,14.968715384845671,0.0,0.0,0.0,0.0,0.0,0,0,0,0,1,0,0,0,0.0,0.0,0.0,0.0,0,0,0,0,0,0,2,0,1,0,-1,64240,0,0,0,0,0,0,0,0,0,0,No Label
142.251.37.227-10.0.3.131-443-56738-6,142.251.37.227,443,10.0.3.131,56738,6,17/05/2022 05:21:16 PM,67364,2,1,0.0,0.0,0.0,0.0,0.0,0.0,0.0,0.0,0.0,0.0,0.0,44.53417255507393,33682.0,47633.54120785059,67364.0,0.0,67364.0,67364.0,0.0,67364.0,67364.0,0,0,0,0,0,0,0,0,0,40,20,29.689448370049288,14.844724185024644,0.0,0.0,0.0,0.0,0.0,0,0,0,0,1,0,0,0,0.0,0.0,0.0,0.0,0,0,0,0,0,0,2,0,1,0,-1,64240,0,0,0,0,0,0,0,0,0,0,No Label
216.58.212.98-10.0.3.131-443-39198-6,216.58.212.98,443,10.0.3.131,39198,6,17/05/2022 05:21:16 PM,68672,2,1,0.0,0.0,0.0,0.0,0.0,0.0,0.0,0.0,0.0,0.0,0.0,43.68592730661696,34336.0,48473.584063900205,68612.0,60.0,68612.0,68612.0,0.0,68612.0,68612.0,0,0,0,0,0,0,0,0,0,40,20,29.12395153774464,14.56197576887232,0.0,0.0,0.0,0.0,0.0,0,0,0,0,1,0,0,0,0.0,0.0,0.0,0.0,0,0,0,0,0,0,2,0,1,0,-1,64240,0,0,0,0,0,0,0,0,0,0,No Label
142.250.203.238-10.0.3.131-443-57582-6,142.250.203.238,443,10.0.3.131,57582,6,17/05/2022 05:21:16 PM,68376,2,1,0.0,0.0,0.0,0.0,0.0,0.0,0.0,0.0,0.0,0.0,0.0,43.87504387504387,34188.0,48258.623602419495,68312.0,64.0,68312.0,68312.0,0.0,68312.0,68312.0,0,0,0,0,0,0,0,0,0,40,20,29.250029250029247,14.625014625014623,0.0,0.0,0.0,0.0,0.0,0,0,0,0,1,0,0,0,0.0,0.0,0.0,0.0,0,0,0,0,0,0,2,0,1,0,-1,64240,0,0,0,0,0,0,0,0,0,0,No Label
10.0.3.131-54.192.111.39-41266-443-6,54.192.111.39,443,10.0.3.131,41266,6,17/05/2022 05:21:16 PM,67375,1,1,0.0,0.0,0.0,0.0,0.0,0.0,0.0,0.0,0.0,0.0,0.0,29.68460111317254,67375.0,0.0,67375.0,67375.0,0,0,0,0,0,0,0,0,0,0,0,0,0,0,20,20,14.84230055658627,14.84230055658627,0.0,0.0,0.0,0.0,0.0,0,0,0,0,1,0,0,0,1.0,0.0,0.0,0.0,0,0,0,0,0,0,1,0,1,0,-1,64239,0,0,0,0,0,0,0,0,0,0,No Label
142.250.201.54-10.0.3.131-443-54360-6,142.250.201.54,443,10.0.3.131,54360,6,17/05/2022 05:21:16 PM,70158,2,1,0.0,0.0,0.0,0.0,0.0,0.0,0.0,0.0,0.0,0.0,0.0,42.76062601556487,35079.0,49609.1975544858,70158.0,0.0,70158.0,70158.0,0.0,70158.0,70158.0,0,0,0,0,0,0,0,0,0,40,20,28.50708401037658,14.25354200518829,0.0,0.0,0.0,0.0,0.0,0,0,0,0,1,0,0,0,0.0,0.0,0.0,0.0,0,0,0,0,0,0,2,0,1,0,-1,64240,0,0,0,0,0,0,0,0,0,0,No Label
172.217.18.35-10.0.3.131-80-34994-6,172.217.18.35,80,10.0.3.131,34994,6,17/05/2022 05:21:16 PM,77121,1,1,0.0,0.0,0.0,0.0,0.0,0.0,0.0,0.0,0.0,0.0,0.0,25.933273686803854,77121.0,0.0,77121.0,77121.0,0,0,0,0,0,0,0,0,0,0,0,0,0,0,20,20,12.966636843401927,12.966636843401927,0.0,0.0,0.0,0.0,0.0,0,0,0,0,1,0,0,0,1.0,0.0,0.0,0.0,0,0,0,0,0,0,1,0,1,0,-1,64239,0,0,0,0,0,0,0,0,0,0,No Label
172.217.18.35-10.0.3.131-443-44190-6,172.217.18.35,443,10.0.3.131,44190,6,17/05/2022 05:21:16 PM,76778,2,1,0.0,0.0,0.0,0.0,0.0,0.0,0.0,0.0,0.0,0.0,0.0,39.073692984969654,38389.0,54202.56320507362,76716.0,62.0,76716.0,76716.0,0.0,76716.0,76716.0,0,0,0,0,0,0,0,0,0,40,20,26.049128656646435,13.024564328323217,0.0,0.0,0.0,0.0,0.0,0,0,0,0,1,0,0,0,0.0,0.0,0.0,0.0,0,0,0,0,0,0,2,0,1,0,-1,64240,0,0,0,0,0,0,0,0,0,0,No Label
216.239.38.120-10.0.3.131-443-44790-6,216.239.38.120,443,10.0.3.131,44790,6,17/05/2022 05:21:16 PM,79925,2,1,0.0,0.0,0.0,0.0,0.0,0.0,0.0,0.0,0.0,0.0,0.0,37.53518923991242,39962.5,56515.50948633481,79925.0,0.0,79925.0,79925.0,0.0,79925.0,79925.0,0,0,0,0,0,0,0,0,0,40,20,25.023459493274945,12.511729746637473,0.0,0.0,0.0,0.0,0.0,0,0,0,0,1,0,0,0,0.0,0.0,0.0,0.0,0,0,0,0,0,0,2,0,1,0,-1,64240,0,0,0,0,0,0,0,0,0,0,No Label
142.250.201.45-10.0.3.131-443-58166-6,142.250.201.45,443,10.0.3.131,58166,6,17/05/2022 05:21:16 PM,79627,2,1,0.0,0.0,0.0,0.0,0.0,0.0,0.0,0.0,0.0,0.0,0.0,37.67566277770103,39813.5,56222.76727892358,79569.0,58.0,79569.0,79569.0,0.0,79569.0,79569.0,0,0,0,0,0,0,0,0,0,40,20,25.117108518467354,12.558554259233677,0.0,0.0,0.0,0.0,0.0,0,0,0,0,1,0,0,0,0.0,0.0,0.0,0.0,0,0,0,0,0,0,2,0,1,0,-1,64240,0,0,0,0,0,0,0,0,0,0,No Label
172.217.19.142-10.0.3.131-443-43578-6,172.217.19.142,443,10.0.3.131,43578,6,17/05/2022 05:21:16 PM,81407,2,1,0.0,0.0,0.0,0.0,0.0,0.0,0.0,0.0,0.0,0.0,0.0,36.85186777549843,40703.5,57563.441736053275,81407.0,0.0,81407.0,81407.0,0.0,81407.0,81407.0,0,0,0,0,0,0,0,0,0,40,20,24.567911850332283,12.283955925166142,0.0,0.0,0.0,0.0,0.0,0,0,0,0,1,0,0,0,0.0,0.0,0.0,0.0,0,0,0,0,0,0,2,0,1,0,-1,64240,0,0,0,0,0,0,0,0,0,0,No Label
172.217.18.35-10.0.3.131-80-34942-6,172.217.18.35,80,10.0.3.131,34942,6,17/05/2022 05:21:16 PM,80803,1,1,0.0,0.0,0.0,0.0,0.0,0.0,0.0,0.0,0.0,0.0,0.0,24.751556254099476,80803.0,0.0,80803.0,80803.0,0,0,0,0,0,0,0,0,0,0,0,0,0,0,20,20,12.375778127049738,12.375778127049738,0.0,0.0,0.0,0.0,0.0,0,0,0,0,1,0,0,0,1.0,0.0,0.0,0.0,0,0,0,0,0,0,1,0,1,0,-1,64239,0,0,0,0,0,0,0,0,0,0,No Label
172.217.18.34-10.0.3.131-443-46266-6,172.217.18.34,443,10.0.3.131,46266,6,17/05/2022 05:21:16 PM,81563,2,1,0.0,0.0,0.0,0.0,0.0,0.0,0.0,0.0,0.0,0.0,0.0,36.78138371565539,40781.5,57673.75039391837,81563.0,0.0,81563.0,81563.0,0.0,81563.0,81563.0,0,0,0,0,0,0,0,0,0,40,20,24.52092247710359,12.260461238551795,0.0,0.0,0.0,0.0,0.0,0,0,0,0,1,0,0,0,0.0,0.0,0.0,0.0,0,0,0,0,0,0,2,0,1,0,-1,64240,0,0,0,0,0,0,0,0,0,0,No Label
172.217.18.35-10.0.3.131-80-34940-6,172.217.18.35,80,10.0.3.131,34940,6,17/05/2022 05:21:16 PM,81384,1,1,0.0,0.0,0.0,0.0,0.0,0.0,0.0,0.0,0.0,0.0,0.0,24.574855008355453,81384.0,0.0,81384.0,81384.0,0,0,0,0,0,0,0,0,0,0,0,0,0,0,20,20,12.287427504177726,12.287427504177726,0.0,0.0,0.0,0.0,0.0,0,0,0,0,1,0,0,0,1.0,0.0,0.0,0.0,0,0,0,0,0,0,1,0,1,0,-1,64239,0,0,0,0,0,0,0,0,0,0,No Label
172.217.18.35-10.0.3.131-80-34996-6,172.217.18.35,80,10.0.3.131,34996,6,17/05/2022 05:21:16 PM,80399,1,1,0.0,0.0,0.0,0.0,0.0,0.0,0.0,0.0,0.0,0.0,0.0,24.87593129267777,80399.0,0.0,80399.0,80399.0,0,0,0,0,0,0,0,0,0,0,0,0,0,0,20,20,12.437965646338885,12.437965646338885,0.0,0.0,0.0,0.0,0.0,0,0,0,0,1,0,0,0,1.0,0.0,0.0,0.0,0,0,0,0,0,0,1,0,1,0,-1,64239,0,0,0,0,0,0,0,0,0,0,No Label
172.217.18.35-10.0.3.131-80-34992-6,172.217.18.35,80,10.0.3.131,34992,6,17/05/2022 05:21:16 PM,83874,1,1,0.0,0.0,0.0,0.0,0.0,0.0,0.0,0.0,0.0,0.0,0.0,23.845291747144525,83874.0,0.0,83874.0,83874.0,0,0,0,0,0,0,0,0,0,0,0,0,0,0,20,20,11.922645873572263,11.922645873572263,0.0,0.0,0.0,0.0,0.0,0,0,0,0,1,0,0,0,1.0,0.0,0.0,0.0,0,0,0,0,0,0,1,0,1,0,-1,64239,0,0,0,0,0,0,0,0,0,0,No Label
216.58.205.202-10.0.3.131-443-60552-6,216.58.205.202,443,10.0.3.131,60552,6,17/05/2022 05:21:16 PM,83367,2,1,0.0,0.0,0.0,0.0,0.0,0.0,0.0,0.0,0.0,0.0,0.0,35.985461873403146,41683.5,58949.37102717891,83367.0,0.0,83367.0,83367.0,0.0,83367.0,83367.0,0,0,0,0,0,0,0,0,0,40,20,23.9903079156021,11.99515395780105,0.0,0.0,0.0,0.0,0.0,0,0,0,0,1,0,0,0,0.0,0.0,0.0,0.0,0,0,0,0,0,0,2,0,1,0,-1,64240,0,0,0,0,0,0,0,0,0,0,No Label
10.0.3.131-104.26.15.143-58732-443-6,104.26.15.143,443,10.0.3.131,58732,6,17/05/2022 05:21:16 PM,91872,2,1,0.0,0.0,0.0,0.0,0.0,0.0,0.0,0.0,0.0,0.0,0.0,32.654127481713694,45936.0,64598.44710207824,91614.0,258.0,91614.0,91614.0,0.0,91614.0,91614.0,0,0,0,0,0,0,0,0,0,40,20,21.76941832114246,10.88470916057123,0.0,0.0,0.0,0.0,0.0,0,0,0,0,1,0,0,0,0.0,0.0,0.0,0.0,0,0,0,0,0,0,2,0,1,0,-1,64240,0,0,0,0,0,0,0,0,0,0,No Label
10.0.3.131-74.125.200.94-55378-443-6,74.125.200.94,443,10.0.3.131,55378,6,17/05/2022 05:21:16 PM,373809,2,1,0.0,0.0,0.0,0.0,0.0,0.0,0.0,0.0,0.0,0.0,0.0,8.025488952914456,186904.5,264245.0970226316,373754.0,55.0,373754.0,373754.0,0.0,373754.0,373754.0,0,0,0,0,0,0,0,0,0,40,20,5.350325968609638,2.675162984304819,0.0,0.0,0.0,0.0,0.0,0,0,0,0,1,0,0,0,0.0,0.0,0.0,0.0,0,0,0,0,0,0,2,0,1,0,-1,64240,0,0,0,0,0,0,0,0,0,0,No Label
